Count,GTFS_Stop_ID,Route,Gtfs_Lat,Gtfs_Lon,Osm_Lat,Osm_Lon,Location_Displacement,Tags_not_in_GTFS,Version_History
1,7368,97,27.951288,-82.461735,27.951261,-82.461695,4.9443599325045025,operator=Hillsborough Area Regional Transit|name=Ashley Dr @ Tyler St|gtfs_stop_code=7368|highway=bus_stop|ntd_id=4041|route_ref=97|source=GO_Sync|gtfs_id=7368|,version 1 = ktran9(changeset = 5282878)|version 2 = ktran9(changeset = 5557830)
2,4098,4,27.9374,-82.475642,27.9374287,-82.4756419,3.1805045190096526,source=GO_Sync|bench=yes|name=Swann Av @ Dakota Av|gtfs_stop_code=4098|operator=Hillsborough Area Regional Transit|route_ref=4|ntd_id=4041|shelter=no|highway=bus_stop|gtfs_id=4098|shade=portico|wastebasket=yes|,version 1 = ktran9(changeset = 5282878)|version 2 = ktran9(changeset = 5557830)|version 3 = EdHillsman(changeset = 6631917)
3,6264,6,28.057385,-82.401752,28.0580575,-82.4017539,74.52694102913712,source=survey|bench=yes|name=50th St @ 122nd Av|gtfs_stop_code=6264|operator=Hillsborough Area Regional Transit|route_ref=6|ntd_id=4041|shelter=no|highway=bus_stop|gtfs_id=6264|shade=no|,version 1 = EdHillsman(changeset = 4724325)|version 2 = ktran9(changeset = 5231988)|version 3 = ktran9(changeset = 5232165)|version 4 = ktran9(changeset = 5236946)|version 5 = ktran9(changeset = 5238742)|version 6 = ktran9(changeset = 5257065)|version 7 = ktran9(changeset = 5257249)|version 8 = ktran9(changeset = 5257427)|version 9 = ktran9(changeset = 5257440)|version 10 = ktran9(changeset = 5282592)|version 11 = ktran9(changeset = 5282878)|version 12 = EdHillsman(changeset = 5348430)|version 13 = ktran9(changeset = 5557830)
4,6255,7,28.019625,-82.534425,28.019932,-82.534458,34.17610671085184,operator=Hillsborough Area Regional Transit|name=Anderson Rd @ Tampa West Blvd|gtfs_stop_code=6255|highway=bus_stop|ntd_id=4041|route_ref=7|source=GO_Sync|gtfs_id=6255|,version 1 = ktran9(changeset = 5282878)|version 2 = ktran9(changeset = 5557830)
5,0938,6,28.069132,-82.429987,28.0690586,-82.4300563,10.609935402841138,bench=yes|name=Fletcher Av @ Livingston Av East|gtfs_stop_code=938|operator=Hillsborough Area Regional Transit|route_ref=6|ntd_id=4041|shelter=yes|highway=bus_stop|gtfs_id=0938|shade=trees|,version 1 = EdHillsman(changeset = 5238737)|version 2 = EdHillsman(changeset = 5238737)|version 3 = ktran9(changeset = 5282592)|version 4 = ktran9(changeset = 5282878)|version 5 = EdHillsman(changeset = 5305458)|version 6 = EdHillsman(changeset = 5305458)|version 7 = ktran9(changeset = 5557830)
6,0937,2,28.06914,-82.434838,28.0690737,-82.4347833,9.104724724448637,bench=yes|name=Fletcher Av @ 22nd St|gtfs_stop_code=937|operator=Hillsborough Area Regional Transit|route_ref=2|ntd_id=4041|shelter=no|highway=bus_stop|gtfs_id=0937|shade=no|,version 1 = EdHillsman(changeset = 5252803)|version 2 = EdHillsman(changeset = 5294446)|version 3 = ktran9(changeset = 5557830)
7,0936,2,28.069152,-82.436751,28.0690803,-82.4367754,8.299944129719917,operator=Hillsborough Area Regional Transit|name=Fletcher Av @ 20th St|gtfs_stop_code=936|highway=bus_stop|ntd_id=4041|route_ref=2|source=survey|gtfs_id=0936|,version 1 = EdHillsman(changeset = 5252803)|version 2 = EdHillsman(changeset = 5294446)|version 3 = ktran9(changeset = 5557830)
8,0935,2,28.069147,-82.43886,28.0690732,-82.4387924,10.537790720777627,source=survey|bench=yes|name=Fletcher Av @ 19th St|gtfs_stop_code=935|operator=Hillsborough Area Regional Transit|route_ref=2|ntd_id=4041|shelter=no|highway=bus_stop|gtfs_id=0935|shade=trees|,version 1 = EdHillsman(changeset = 5252803)|version 2 = EdHillsman(changeset = 5294446)|version 3 = ktran9(changeset = 5557830)
9,0931,2,28.069154,-82.4431,28.069095,-82.4430421,8.668574153069894,source=survey|bench=yes|name=Fletcher Av @ 15th St|gtfs_stop_code=931|operator=Hillsborough Area Regional Transit|route_ref=2|ntd_id=4041|shelter=no|highway=bus_stop|gtfs_id=0931|shade=no|,version 1 = EdHillsman(changeset = 5252803)|version 2 = EdHillsman(changeset = 5252803)|version 3 = EdHillsman(changeset = 5305458)|version 4 = ktran9(changeset = 5557830)
10,5132,33,28.06922,-82.47829,28.0691584,-82.4784255,14.967000216057055,operator=Hillsborough Area Regional Transit|name=Fletcher Av @ Greentree Dr|gtfs_stop_code=5132|highway=bus_stop|ntd_id=4041|route_ref=33|source=GO_Sync|gtfs_id=5132|,version 1 = ktran9(changeset = 5282878)|version 2 = ktran9(changeset = 5557830)|version 3 = EdHillsman(changeset = 6838230)
11,5771,39,28.038696,-82.582617,28.03904,-82.582607,38.13478508118409,operator=Hillsborough Area Regional Transit|name=Sheldon @ N Hills Co Health Ctr|gtfs_stop_code=5771|highway=bus_stop|ntd_id=4041|route_ref=39|source=GO_Sync|gtfs_id=5771|,version 1 = ktran9(changeset = 5282878)|version 2 = ktran9(changeset = 5557830)
12,3598,45,28.054693,-82.449589,28.0547188,-82.4494541,13.567005963729015,source=GO_Sync|bench=yes|name=Fowler Av @ 9th St|gtfs_stop_code=3598|operator=Hillsborough Area Regional Transit|route_ref=45|ntd_id=4041|shelter=yes|highway=bus_stop|gtfs_id=3598|shade=roof|,version 1 = ktran9(changeset = 5282878)|version 2 = ktran9(changeset = 5557830)|version 3 = EdHillsman(changeset = 6152399)|version 4 = EdHillsman(changeset = 6792930)
13,4682,45,28.054343,-82.442292,28.0543059,-82.4422985,4.160798723158054,operator=Hillsborough Area Regional Transit|name=Fowler Av @ 15th St|gtfs_stop_code=4682|highway=bus_stop|ntd_id=4041|route_ref=45|source=GO_Sync|gtfs_id=4682|,version 1 = ktran9(changeset = 5282878)|version 2 = ktran9(changeset = 5557830)|version 3 = EdHillsman(changeset = 6152399)
14,4681,45,28.054313,-82.444906,28.0543116,-82.4441568,73.65589184157191,source=GO_Sync|bench=yes|name=Fowler Av @ 14th St|gtfs_stop_code=4681|operator=Hillsborough Area Regional Transit|route_ref=45|ntd_id=4041|shelter=yes|highway=bus_stop|gtfs_id=4681|shade=roof|wastebasket=yes|,version 1 = ktran9(changeset = 5282878)|version 2 = ktran9(changeset = 5557830)|version 3 = EdHillsman(changeset = 6793800)|version 4 = EdHillsman(changeset = 6793800)
15,5769,39,28.033715,-82.58274,28.033824,-82.58274,12.079379502990978,operator=Hillsborough Area Regional Transit|gtfs_stop_code=5769|name=Sheldon Rd @ Sheldon Chase Dr|highway=bus_stop|ntd_id=4041|route_ref=39|source=GO_Sync|gtfs_id=5769|,version 1 = ktran9(changeset = 5282878)|version 2 = ktran9(changeset = 5557830)
16,5765,16;30;34;88,28.026107,-82.583943,28.0260914,-82.5840023,6.0823149848949996,source=GO_Sync|bench=yes|name=Waters Av @ Sheldon Rd|gtfs_stop_code=5765|operator=Hillsborough Area Regional Transit|route_ref=16;30;34;88|ntd_id=4041|shelter=no|highway=bus_stop|gtfs_id=5765|shade=no|wastebasket=no|,version 1 = ktran9(changeset = 5282878)|version 2 = ktran9(changeset = 5557830)|version 3 = EdHillsman(changeset = 6641815)
17,4670,41;45,28.010652,-82.472592,N/A,N/A,N/A,N/A,N/A
18,6833,24;25,27.860548,-82.49005,27.860915,-82.49153,151.32973389126903,operator=Hillsborough Area Regional Transit|gtfs_stop_code=6833|name=Zemke Av @ Centcom Av|highway=bus_stop|ntd_id=4041|route_ref=24;25|source=GO_Sync|gtfs_id=6833|,version 1 = ktran9(changeset = 5282878)|version 2 = ktran9(changeset = 5557830)
19,6832,24;25,27.860539,-82.49097,27.860873,-82.491749,85.1836486847421,operator=Hillsborough Area Regional Transit|gtfs_stop_code=6832|name=Zemke Av @ Centcom Av|highway=bus_stop|ntd_id=4041|route_ref=24;25|source=GO_Sync|gtfs_id=6832|,version 1 = ktran9(changeset = 5282878)|version 2 = ktran9(changeset = 5557830)
20,5747,39,28.038541,-82.583042,28.039039,-82.583033,55.19549257830261,operator=Hillsborough Area Regional Transit|name=Sheldon @ N Hills Co Health Ctr|gtfs_stop_code=5747|highway=bus_stop|ntd_id=4041|route_ref=39|source=GO_Sync|gtfs_id=5747|,version 1 = ktran9(changeset = 5282878)|version 2 = ktran9(changeset = 5557830)
21,4657,6;18,28.069269,-82.423516,28.0692777,-82.4234892,2.8052952670190487,source=survey|bench=yes|name=Fletcher Av @ 31St St (Uch)|gtfs_stop_code=4657|operator=Hillsborough Area Regional Transit|route_ref=6;18|ntd_id=4041|shelter=yes|highway=bus_stop|gtfs_id=4657|shade=roof|,version 1 = EdHillsman(changeset = 4770999)|version 2 = ktran9(changeset = 5282592)|version 3 = ktran9(changeset = 5282878)|version 4 = EdHillsman(changeset = 5328579)|version 5 = ktran9(changeset = 5557830)
22,4656,6,28.069252,-82.42025,28.0692585,-82.4200706,17.649529822977797,operator=Hillsborough Area Regional Transit|name=Fletcher Av @ Magnolia Dr N/S|gtfs_stop_code=4656|highway=bus_stop|ntd_id=4041|route_ref=6|source=GO_Sync|gtfs_id=4656|,version 1 = ktran9(changeset = 5282878)|version 2 = EdHillsman(changeset = 5295548)|version 3 = EdHillsman(changeset = 5328579)|version 4 = ktran9(changeset = 5557830)
23,1370,30,27.948421,-82.524362,N/A,N/A,N/A,N/A,N/A
24,1360,30,27.948711,-82.524018,N/A,N/A,N/A,N/A,N/A
25,4625,6,28.050537,-82.393849,28.0503142,-82.3938576,24.705227733942998,source=GO_Sync|bench=no|name=56th St @ Temple Terrace City Hall|gtfs_stop_code=4625|operator=Hillsborough Area Regional Transit|route_ref=6|ntd_id=4041|shelter=no|highway=bus_stop|gtfs_id=4625|shade=yes|,version 1 = ktran9(changeset = 5282878)|version 2 = EdHillsman(changeset = 5295548)|version 3 = caribarchgirl84(changeset = 5376790)|version 4 = ktran9(changeset = 5557830)|version 5 = EdHillsman(changeset = 6815628)
26,4622,6,28.054243,-82.400618,28.0542503,-82.4011161,48.97617017369035,source=survey|bench=yes|name=Fowler Av @ 51St St|gtfs_stop_code=4622|operator=Hillsborough Area Regional Transit|route_ref=6|ntd_id=4041|shelter=no|highway=bus_stop|gtfs_id=4622|timetable=yes|shade=no|,version 1 = EdHillsman(changeset = 5165537)|version 2 = ktran9(changeset = 5231988)|version 3 = ktran9(changeset = 5232165)|version 4 = ktran9(changeset = 5236946)|version 5 = ktran9(changeset = 5238742)|version 6 = ktran9(changeset = 5257065)|version 7 = ktran9(changeset = 5257249)|version 8 = ktran9(changeset = 5257427)|version 9 = ktran9(changeset = 5257440)|version 10 = ktran9(changeset = 5282592)|version 11 = ktran9(changeset = 5282878)|version 12 = EdHillsman(changeset = 5289177)|version 13 = EdHillsman(changeset = 5295548)|version 14 = EdHillsman(changeset = 5295548)|version 15 = EdHillsman(changeset = 5295548)|version 16 = EdHillsman(changeset = 5313581)|version 17 = caribarchgirl84(changeset = 5376876)|version 18 = EdHillsman(changeset = 5380292)|version 19 = ktran9(changeset = 5557830)|version 20 = EdHillsman(changeset = 5621156)
27,4621,6,28.05603,-82.40185,28.0572161,-82.4019285,131.67039099845044,source=survey|bench=yes|name=50th St @ Terrace Palms Apts|gtfs_stop_code=4621|operator=Hillsborough Area Regional Transit|route_ref=6|ntd_id=4041|shelter=no|highway=bus_stop|gtfs_id=4621|shade=no|,version 1 = EdHillsman(changeset = 4724325)|version 2 = ktran9(changeset = 5231988)|version 3 = ktran9(changeset = 5232165)|version 4 = EdHillsman(changeset = 5236344)|version 5 = ktran9(changeset = 5236946)|version 6 = ktran9(changeset = 5238742)|version 7 = ktran9(changeset = 5257427)|version 8 = ktran9(changeset = 5257440)|version 9 = ktran9(changeset = 5282592)|version 10 = ktran9(changeset = 5282878)|version 11 = ktran9(changeset = 5557830)
28,4620,6,28.057297,-82.401878,28.0583594,-82.4019473,117.93252529253681,source=survey|bench=yes|name=50th St @ 122nd Av|gtfs_stop_code=4620|operator=Hillsborough Area Regional Transit|route_ref=6|ntd_id=4041|shelter=no|highway=bus_stop|gtfs_id=4620|shade=no|,version 1 = EdHillsman(changeset = 4724325)|version 2 = EdHillsman(changeset = 4743990)|version 3 = ktran9(changeset = 5231988)|version 4 = ktran9(changeset = 5232165)|version 5 = EdHillsman(changeset = 5234147)|version 6 = ktran9(changeset = 5236946)|version 7 = ktran9(changeset = 5238742)|version 8 = ktran9(changeset = 5257065)|version 9 = ktran9(changeset = 5257249)|version 10 = ktran9(changeset = 5257427)|version 11 = ktran9(changeset = 5257440)|version 12 = ktran9(changeset = 5282592)|version 13 = ktran9(changeset = 5282878)|version 14 = caribarchgirl84(changeset = 5376790)|version 15 = ktran9(changeset = 5557830)
29,4619,6,28.058807,-82.401878,28.059304,-82.4019447,55.46669098282793,bench=yes|name=50th St @ Elm Dr|gtfs_stop_code=4619|operator=Hillsborough Area Regional Transit|route_ref=6|ntd_id=4041|shelter=no|highway=bus_stop|gtfs_id=4619|shade=no|,version 1 = EdHillsman(changeset = 4743990)|version 2 = ktran9(changeset = 5231988)|version 3 = ktran9(changeset = 5232165)|version 4 = EdHillsman(changeset = 5234147)|version 5 = ktran9(changeset = 5236946)|version 6 = ktran9(changeset = 5238742)|version 7 = ktran9(changeset = 5257065)|version 8 = ktran9(changeset = 5257249)|version 9 = ktran9(changeset = 5257427)|version 10 = ktran9(changeset = 5257440)|version 11 = ktran9(changeset = 5282592)|version 12 = ktran9(changeset = 5282878)|version 13 = caribarchgirl84(changeset = 5376790)|version 14 = caribarchgirl84(changeset = 5403286)|version 15 = ktran9(changeset = 5547741)|version 16 = ktran9(changeset = 5557830)
30,4618,6,28.062187,-82.40189,28.0624574,-82.4019984,31.804224130605068,source=survey|bench=yes|name=50th St @ 127th Av|gtfs_stop_code=4618|operator=Hillsborough Area Regional Transit|route_ref=6|ntd_id=4041|shelter=no|highway=bus_stop|gtfs_id=4618|shade=no|,version 1 = EdHillsman(changeset = 4724325)|version 2 = EdHillsman(changeset = 4743990)|version 3 = EdHillsman(changeset = 5234147)|version 4 = EdHillsman(changeset = 5234355)|version 5 = EdHillsman(changeset = 5278631)|version 6 = ktran9(changeset = 5282592)|version 7 = ktran9(changeset = 5282878)|version 8 = ktran9(changeset = 5557830)
31,4617,6,28.06347,-82.401973,28.0636523,-82.4019893,20.266018271978393,bench=yes|name=50th St @ 12850|gtfs_stop_code=4617|operator=Hillsborough Area Regional Transit|route_ref=6|ntd_id=4041|shelter=no|highway=bus_stop|gtfs_id=4617|shade=no|,version 1 = EdHillsman(changeset = 4743990)|version 2 = EdHillsman(changeset = 5198212)|version 3 = EdHillsman(changeset = 5278631)|version 4 = ktran9(changeset = 5282592)|version 5 = ktran9(changeset = 5282878)|version 6 = ktran9(changeset = 5557830)|version 7 = EdHillsman(changeset = 6735619)
32,4616,6,28.066277,-82.402083,28.0662779,-82.402486,39.61567769644529,operator=Hillsborough Area Regional Transit|name=Holly Dr @ 50th St|gtfs_stop_code=4616|highway=bus_stop|ntd_id=4041|route_ref=6|gtfs_id=4616|,version 1 = EdHillsman(changeset = 3959814)|version 2 = EdHillsman(changeset = 5278631)|version 3 = ktran9(changeset = 5282592)|version 4 = ktran9(changeset = 5282878)|version 5 = EdHillsman(changeset = 5324135)|version 6 = ktran9(changeset = 5557830)
33,4614,6,28.065679,-82.409619,28.0656169,-82.409479,15.387084633156276,source=survey|bench=no|name=Holly Dr @ Alpha Apts|gtfs_stop_code=4614|operator=Hillsborough Area Regional Transit;USF Bull Runner|route_ref=6;C;E|ntd_id=4041|shelter=no|highway=bus_stop|gtfs_id=4614|note=sign bears gtfs tag of 4613; did not match import; confirmed with HART that this is actually 4614; they will retag at some point|shade=trees|wastebasket=yes|,version 1 = EdHillsman(changeset = 3977069)|version 2 = EdHillsman(changeset = 3977215)|version 3 = EdHillsman(changeset = 5126351)|version 4 = EdHillsman(changeset = 5126351)|version 5 = EdHillsman(changeset = 5297174)|version 6 = EdHillsman(changeset = 5353963)|version 7 = ktran9(changeset = 5547673)|version 8 = ktran9(changeset = 5558153)|version 9 = EdHillsman(changeset = 6852503)
34,4613,6,28.06567,-82.411312,28.065608,-82.4112482,9.302841000220528,source=survey|bench=no|name=Bull Runner Bus Stop|gtfs_stop_code=4613|operator=Hillsborough Area Regional Transit;USF Bull Runner|ntd_id=4041|shelter=no|highway=bus_stop|gtfs_id=4613|note=metal tag with GTFS ID is missing; confirmed with HART that this is 4613 and the one east of here is really 4614 but is mistagged; HART will retag at some point|shade=no|route=6;C:E|,version 1 = ShannonLadd(changeset = 2009469)|version 2 = EdHillsman(changeset = 5126351)|version 3 = EdHillsman(changeset = 5353963)|version 4 = ktran9(changeset = 5547673)|version 5 = ktran9(changeset = 5558153)|version 6 = EdHillsman(changeset = 6341090)|version 7 = EdHillsman(changeset = 6735619)|version 8 = EdHillsman(changeset = 6852503)
35,4612,6,28.06715,-82.413326,28.0678963,-82.4133332,82.70839759021348,source=survey|bench=yes|name=N Palm @ Usf Credit Union|gtfs_stop_code=4612|operator=Hillsborough Area Regional Transit;USF Bull Runner|route_ref=6;C|ntd_id=4041|shelter=yes|highway=bus_stop|gtfs_id=4612|shade=roof|,version 1 = EdHillsman(changeset = 3989506)|version 2 = EdHillsman(changeset = 4005524)|version 3 = EdHillsman(changeset = 4049633)|version 4 = EdHillsman(changeset = 5305859)|version 5 = ktran9(changeset = 5547725)|version 6 = ktran9(changeset = 5558153)|version 7 = EdHillsman(changeset = 6735619)
36,4610,6,28.068971,-82.416843,28.0690007,-82.4168684,4.131237605921041,operator=Hillsborough Area Regional Transit|name=Fletcher Av @ John Knox Village|gtfs_stop_code=4610|highway=bus_stop|ntd_id=4041|route_ref=6|source=GO_Sync|gtfs_id=4610|,version 1 = ktran9(changeset = 5282878)|version 2 = EdHillsman(changeset = 5295548)|version 3 = caribarchgirl84(changeset = 5376790)|version 4 = ktran9(changeset = 5557830)
37,4607,6;18,28.068972,-82.423058,28.0690267,-82.4230723,6.2227307474168185,source=survey|bench=yes|name=Fletcher Av @ Fmhi @ 31St St|gtfs_stop_code=4607|operator=Hillsborough Area Regional Transit|route_ref=6;18|ntd_id=4041|shelter=no|highway=bus_stop|gtfs_id=4607|shade=no|,version 1 = EdHillsman(changeset = 4770999)|version 2 = ktran9(changeset = 5282592)|version 3 = ktran9(changeset = 5282878)|version 4 = EdHillsman(changeset = 5295548)|version 5 = EdHillsman(changeset = 5328579)|version 6 = caribarchgirl84(changeset = 5376790)|version 7 = ktran9(changeset = 5557830)
38,4604,6,28.066453,-82.413144,28.0671289,-82.4131028,75.01300648657494,source=survey|bench=yes|name=North Palm Dr @  Usf Credit Union|gtfs_stop_code=4604|operator=Hillsborough Area Regional Transit;USF Bull Runner|route_ref=6;A;B;C|ntd_id=4041|shelter=yes|highway=bus_stop|gtfs_id=4604|shade=roof|,version 1 = EdHillsman(changeset = 4049510)|version 2 = EdHillsman(changeset = 5152163)|version 3 = EdHillsman(changeset = 5292138)|version 4 = EdHillsman(changeset = 5305859)|version 5 = ktran9(changeset = 5547725)|version 6 = ktran9(changeset = 5558153)|version 7 = EdHillsman(changeset = 6731522)|version 8 = EdHillsman(changeset = 6735619)
39,4603,6,28.06577,-82.409958,28.0658117,-82.4098152,14.778633263818813,source=survey|bench=no|name=Holly Dr @ Delta Apts|gtfs_stop_code=4603|operator=Hillsborough Area Regional Transit;USF Bull Runner|route_ref=6;A;C|ntd_id=4041|shelter=no|highway=bus_stop|gtfs_id=4603|note=metal tag with GTFS ID value is missing from post; value assigned is from the HART import|shade=trees|wastebasket=yes|,version 1 = EdHillsman(changeset = 4085804)|version 2 = EdHillsman(changeset = 5126351)|version 3 = EdHillsman(changeset = 5126351)|version 4 = EdHillsman(changeset = 5353963)|version 5 = ktran9(changeset = 5547673)|version 6 = ktran9(changeset = 5558153)|version 7 = EdHillsman(changeset = 6735619)|version 8 = EdHillsman(changeset = 6852503)
40,4601,6,28.066095,-82.401875,28.0662122,-82.4017507,17.832388133550758,source=survey|name=50th St @ Excellence Blvd|gtfs_stop_code=4601|operator=Hillsborough Area Regional Transit|route_ref=6|ntd_id=4041|shelter=no|highway=bus_stop|gtfs_id=4601|shade=trees|,version 1 = EdHillsman(changeset = 4767761)|version 2 = EdHillsman(changeset = 5126351)|version 3 = EdHillsman(changeset = 5236344)|version 4 = EdHillsman(changeset = 5278631)|version 5 = ktran9(changeset = 5282592)|version 6 = ktran9(changeset = 5282878)|version 7 = ktran9(changeset = 5547673)|version 8 = ktran9(changeset = 5557830)
41,4600,6,28.063453,-82.401853,28.0634675,-82.4017881,6.579192188516128,bench=yes|name=50th St @ Sycamore Dr|gtfs_stop_code=4600|operator=Hillsborough Area Regional Transit|route_ref=6|ntd_id=4041|shelter=no|highway=bus_stop|gtfs_id=4600|shade=no|,version 1 = EdHillsman(changeset = 4743990)|version 2 = EdHillsman(changeset = 5126351)|version 3 = EdHillsman(changeset = 5236344)|version 4 = EdHillsman(changeset = 5278631)|version 5 = ktran9(changeset = 5282592)|version 6 = ktran9(changeset = 5282878)|version 7 = EdHillsman(changeset = 5295548)|version 8 = ktran9(changeset = 5557830)
42,1996,6;39,28.028034,-82.393314,28.0281256,-82.3933266,10.226441756847825,source=GO_Sync|bench=no|name=56th St @ Chicago Av|gtfs_stop_code=1996|operator=Hillsborough Area Regional Transit|route_ref=6;39|ntd_id=4041|shelter=no|highway=bus_stop|gtfs_id=1996|note=revisit when road/sidewalk reconstruction is done|shade=no|,version 1 = ktran9(changeset = 5282878)|version 2 = ktran9(changeset = 5557830)|version 3 = EdHillsman(changeset = 6760922)
43,1995,6;39,28.027011,-82.393294,28.0269087,-82.3933374,12.11359544586168,source=GO_Sync|bench=no|name=56th St @ River Hills Dr|gtfs_stop_code=1995|operator=Hillsborough Area Regional Transit|route_ref=6;39|ntd_id=4041|shelter=no|highway=bus_stop|gtfs_id=1995|note=revisit when road/sidewalk reconstruction is done|shade=no|,version 1 = ktran9(changeset = 5282878)|version 2 = ktran9(changeset = 5557830)|version 3 = EdHillsman(changeset = 6760922)
44,0890,2,28.06928,-82.446762,28.0693716,-82.4468122,11.287002725715208,operator=Hillsborough Area Regional Transit|name=Fletcher Av @ 12th St|gtfs_stop_code=890|highway=bus_stop|ntd_id=4041|route_ref=2|source=GO_Sync|gtfs_id=0890|,version 1 = ktran9(changeset = 5282878)|version 2 = EdHillsman(changeset = 5295548)|version 3 = EdHillsman(changeset = 5305458)|version 4 = ktran9(changeset = 5557830)
45,0889,2,28.06928,-82.445667,28.0693647,-82.4457456,12.157383429314404,bench=no|name=Fletcher Av @ Cecelia St|gtfs_stop_code=889|operator=Hillsborough Area Regional Transit|route_ref=2|ntd_id=4041|shelter=no|highway=bus_stop|gtfs_id=0889|shade=trees|,version 1 = EdHillsman(changeset = 5252803)|version 2 = EdHillsman(changeset = 5295548)|version 3 = ktran9(changeset = 5557830)
46,0888,2,28.069272,-82.443477,28.0693436,-82.4435407,10.107838756325553,bench=yes|name=Fletcher Av @ 15th St|gtfs_stop_code=888|operator=Hillsborough Area Regional Transit|route_ref=2|ntd_id=4041|shelter=no|highway=bus_stop|gtfs_id=0888|note=there are trees behind this stopbut placement and size does not provide shade to stop except +/- 1 month of summer solstice|shade=no|route=2|,version 1 = EdHillsman(changeset = 5252803)|version 2 = EdHillsman(changeset = 5252803)|version 3 = EdHillsman(changeset = 5305458)|version 4 = ktran9(changeset = 5557830)
47,0886,2,28.069272,-82.438499,28.0693548,-82.4384759,9.452725910010965,bench=yes|name=Fletcher Av @ 19th St|gtfs_stop_code=886|operator=Hillsborough Area Regional Transit|route_ref=2|ntd_id=4041|shelter=no|highway=bus_stop|gtfs_id=0886|shade=no|,version 1 = EdHillsman(changeset = 5252803)|version 2 = ktran9(changeset = 5282592)|version 3 = ktran9(changeset = 5282878)|version 4 = EdHillsman(changeset = 5305458)|version 5 = ktran9(changeset = 5557830)
48,0881,6,28.069296,-82.427179,28.0693479,-82.4273233,15.306255974590648,source=GO_Sync|bench=no|name=Fletcher Av @ Livingston Av|gtfs_stop_code=881|operator=Hillsborough Area Regional Transit|route_ref=6|ntd_id=4041|shelter=no|highway=bus_stop|gtfs_id=0881|note=field checked after upload|shade=no|,version 1 = ktran9(changeset = 5282878)|version 2 = EdHillsman(changeset = 5294446)|version 3 = EdHillsman(changeset = 5305458)|version 4 = EdHillsman(changeset = 5305458)|version 5 = ktran9(changeset = 5557830)
49,1932,4,27.937183,-82.469901,27.9371987,-82.4699065,1.8221091719063383,source=GO_Sync|bench=yes|name=Swann Av @ Edison Av|gtfs_stop_code=1932|operator=Hillsborough Area Regional Transit|route_ref=4|ntd_id=4041|shelter=no|highway=bus_stop|gtfs_id=1932|shade=no|wastebasket=no|,version 1 = ktran9(changeset = 5282878)|version 2 = ktran9(changeset = 5557830)|version 3 = EdHillsman(changeset = 6636426)
50,1930,4,27.937192,-82.471804,27.9372344,-82.4718091,4.725434900887719,source=GO_Sync|bench=no|name=Swann Av @ Newport Av|gtfs_stop_code=1930|operator=Hillsborough Area Regional Transit|route_ref=4|ntd_id=4041|shelter=no|highway=bus_stop|gtfs_id=1930|shade=trees|,version 1 = ktran9(changeset = 5282878)|version 2 = ktran9(changeset = 5557830)|version 3 = EdHillsman(changeset = 6631917)
51,1927,4,27.937263,-82.475509,27.937251,-82.475127,37.61948545432308,source=GO_Sync|bench=yes|name=Swann Av @ Dakota Av|gtfs_stop_code=1927|operator=Hillsborough Area Regional Transit|route_ref=4|ntd_id=4041|shelter=no|highway=bus_stop|gtfs_id=1927|shade=trees|wastebasket=yes|,version 1 = ktran9(changeset = 5282878)|version 2 = ktran9(changeset = 5557830)|version 3 = EdHillsman(changeset = 6631917)|version 4 = EdHillsman(changeset = 6631917)
52,1905,4,27.93739,-82.474628,27.9374121,-82.474679,5.58497230681991,source=GO_Sync|bench=no|name=Swann Av @ Oregon Av|gtfs_stop_code=1905|operator=Hillsborough Area Regional Transit|route_ref=4|ntd_id=4041|shelter=no|highway=bus_stop|gtfs_id=1905|shade=no|,version 1 = ktran9(changeset = 5282878)|version 2 = ktran9(changeset = 5557830)|version 3 = EdHillsman(changeset = 6631917)|version 4 = EdHillsman(changeset = 6631917)
53,1904,4,27.937363,-82.473626,27.9374287,-82.4736625,8.118750982972221,source=GO_Sync|bench=yes|name=Swann Av @ Orleans Av|gtfs_stop_code=1904|operator=Hillsborough Area Regional Transit|route_ref=4|ntd_id=4041|shelter=no|highway=bus_stop|gtfs_id=1904|shade=no|,version 1 = ktran9(changeset = 5282878)|version 2 = ktran9(changeset = 5557830)|version 3 = EdHillsman(changeset = 6250732)|version 4 = EdHillsman(changeset = 6631917)|version 5 = EdHillsman(changeset = 6631917)
54,1903,4,27.937355,-82.471581,27.9374092,-82.4715853,6.021249948998531,source=GO_Sync|bench=no|name=Swann Av @ Newport Av|gtfs_stop_code=1903|operator=Hillsborough Area Regional Transit|route_ref=4|ntd_id=4041|shelter=no|highway=bus_stop|gtfs_id=1903|shade=portico|,version 1 = ktran9(changeset = 5282878)|version 2 = ktran9(changeset = 5557830)|version 3 = EdHillsman(changeset = 6250732)
55,1902,4,27.937346,-82.470589,27.9373908,-82.4705833,4.996259777818233,source=GO_Sync|bench=yes|name=Swann Av @ Delaware Av|gtfs_stop_code=1902|operator=Hillsborough Area Regional Transit|route_ref=4|ntd_id=4041|shelter=no|highway=bus_stop|gtfs_id=1902|shade=no|,version 1 = ktran9(changeset = 5282878)|version 2 = ktran9(changeset = 5557830)|version 3 = EdHillsman(changeset = 6250732)|version 4 = EdHillsman(changeset = 6631917)
56,5015,2,28.069298,-82.449124,28.069304,-82.4491452,2.1874442359137163,operator=Hillsborough Area Regional Transit|name=Fletcher Av @ Railroad Crossing|gtfs_stop_code=5015|highway=bus_stop|ntd_id=4041|route_ref=2|source=GO_Sync|gtfs_id=5015|,version 1 = ktran9(changeset = 5282878)|version 2 = EdHillsman(changeset = 5295548)|version 3 = ktran9(changeset = 5557830)
57,4599,6,28.062184,-82.401855,28.0624431,-82.4016819,33.377170909201496,source=survey|bench=yes|name=50th St @ 127th Av|gtfs_stop_code=4599|operator=Hillsborough Area Regional Transit|route_ref=6|ntd_id=4041|shelter=no|highway=bus_stop|gtfs_id=4599|shade=no|,version 1 = EdHillsman(changeset = 4724325)|version 2 = EdHillsman(changeset = 4743990)|version 3 = EdHillsman(changeset = 5126351)|version 4 = EdHillsman(changeset = 5278631)|version 5 = ktran9(changeset = 5282592)|version 6 = ktran9(changeset = 5282878)|version 7 = ktran9(changeset = 5557830)
58,4598,6,28.05849,-82.401762,28.0592351,-82.4016624,83.15079810389174,bench=yes|name=50th St @ Sun Ridge Condos|gtfs_stop_code=4598|operator=Hillsborough Area Regional Transit|route_ref=6|ntd_id=4041|shelter=no|highway=bus_stop|gtfs_id=4598|note=Please add gtfs_id and operator after removing FIXME|shade=no|,version 1 = EdHillsman(changeset = 4743990)|version 2 = ktran9(changeset = 5231988)|version 3 = ktran9(changeset = 5232165)|version 4 = EdHillsman(changeset = 5236344)|version 5 = ktran9(changeset = 5236946)|version 6 = ktran9(changeset = 5238742)|version 7 = ktran9(changeset = 5257065)|version 8 = ktran9(changeset = 5257249)|version 9 = ktran9(changeset = 5257427)|version 10 = ktran9(changeset = 5257440)|version 11 = ktran9(changeset = 5282592)|version 12 = ktran9(changeset = 5282878)|version 13 = EdHillsman(changeset = 5348430)|version 14 = ktran9(changeset = 5557830)|version 15 = EdHillsman(changeset = 5927688)
59,4597,6,28.056281,-82.401743,28.0570823,-82.401746,88.80084848690106,source=survey|bench=yes|name=50th St @ Terrace Palms Apts 11801|gtfs_stop_code=4597|operator=Hillsborough Area Regional Transit|route_ref=6|ntd_id=4041|shelter=no|highway=bus_stop|gtfs_id=4597|shade=no|,version 1 = EdHillsman(changeset = 4724325)|version 2 = ktran9(changeset = 5231988)|version 3 = ktran9(changeset = 5232165)|version 4 = ktran9(changeset = 5236946)|version 5 = ktran9(changeset = 5238742)|version 6 = ktran9(changeset = 5257065)|version 7 = ktran9(changeset = 5257249)|version 8 = ktran9(changeset = 5257427)|version 9 = ktran9(changeset = 5257440)|version 10 = ktran9(changeset = 5282592)|version 11 = ktran9(changeset = 5282878)|version 12 = EdHillsman(changeset = 5348430)|version 13 = ktran9(changeset = 5557830)
60,4555,5,28.03917,-82.416439,28.0391769,-82.4164737,3.4965571760678205,operator=Hillsborough Area Regional Transit|name=Mckinley Dr @ Linebaugh Av|gtfs_stop_code=4555|highway=bus_stop|ntd_id=4041|route_ref=5|source=GO_Sync|gtfs_id=4555|,version 1 = ktran9(changeset = 5282878)|version 2 = EdHillsman(changeset = 5307676)|version 3 = ktran9(changeset = 5557830)
61,4553,5,28.050861,-82.416281,28.0509138,-82.4164844,20.835875868005985,operator=Hillsborough Area Regional Transit|name=Mckinley Dr @ D.O.T. Bldg|gtfs_stop_code=4553|highway=bus_stop|ntd_id=4041|route_ref=5|source=GO_Sync|gtfs_id=4553|,version 1 = ktran9(changeset = 5282878)|version 2 = EdHillsman(changeset = 5307676)|version 3 = ktran9(changeset = 5557830)
62,4552,5,28.053455,-82.416369,28.053456,-82.4164415,7.1285745429011085,operator=Hillsborough Area Regional Transit|name=Mckinley Dr @ Fowler Av|gtfs_stop_code=4552|highway=bus_stop|ntd_id=4041|route_ref=5|source=GO_Sync|gtfs_id=4552|,version 1 = ktran9(changeset = 5282878)|version 2 = EdHillsman(changeset = 5295548)|version 3 = EdHillsman(changeset = 5307676)|version 4 = ktran9(changeset = 5557830)
63,4550,5,28.059392,-82.419992,28.0613535,-82.4196569,219.85629420201747,source=survey|bench=no|name=Magnolia @ Medical Dr@Traffic Light;Bull Runner Bus Stop|gtfs_stop_code=4550|operator=Hillsborough Area Regional Transit|route_ref=5|ntd_id=4041|shelter=no|highway=bus_stop|gtfs_id=4550|shade=no|,version 1 = ShannonLadd(changeset = 2009469)|version 2 = EdHillsman(changeset = 3920417)|version 3 = EdHillsman(changeset = 5122221)|version 4 = EdHillsman(changeset = 5238737)|version 5 = EdHillsman(changeset = 5292138)|version 6 = ktran9(changeset = 5547741)|version 7 = ktran9(changeset = 5558153)|version 8 = EdHillsman(changeset = 6679507)
64,4549,5,28.063897,-82.42027,28.0638191,-82.4203033,9.232721409183918,source=survey|bench=yes|name=Magnolia Dr @ Moffit Hospital|gtfs_stop_code=4549|operator=Hillsborough Area Regional Transit|route_ref=5|ntd_id=4041|shelter=no|highway=bus_stop|gtfs_id=4549|note=route 5|,version 1 = EdHillsman(changeset = 3651600)|version 2 = EdHillsman(changeset = 5122221)|version 3 = EdHillsman(changeset = 5238737)|version 4 = ktran9(changeset = 5282592)|version 5 = ktran9(changeset = 5282878)|version 6 = EdHillsman(changeset = 5292138)|version 7 = ktran9(changeset = 5557830)
65,4548,5,28.064245,-82.420143,28.0643028,-82.4200456,11.519782821122686,source=survey|bench=yes|name=Magnolia Dr @ Moffit Hospital|gtfs_stop_code=4548|operator=Hillsborough Area Regional Transit|route_ref=5|ntd_id=4041|shelter=no|highway=bus_stop|gtfs_id=4548|route=5|,version 1 = EdHillsman(changeset = 5122221)|version 2 = EdHillsman(changeset = 5289177)|version 3 = xybot(changeset = 5290182)|version 4 = ktran9(changeset = 5557830)
66,4547,5,28.061258,-82.419551,28.0612476,-82.4194079,14.11474926451243,source=survey|bench=yes|name=Magnolia @ Medical Dr Traffic Light;Sheltered Bull Runner Bus Stop|gtfs_stop_code=4547|surface=paved|operator=Hillsborough Area Regional Transit; USF Bull Runner|route_ref=5;E|ntd_id=4041|shelter=yes|highway=bus_stop|gtfs_id=4547|note=has Bull Runner ID 213S|,version 1 = ShannonLadd(changeset = 2009469)|version 2 = Sean Barbeau(changeset = 2100751)|version 3 = Sean Barbeau(changeset = 2100845)|version 4 = EdHillsman(changeset = 2939324)|version 5 = EdHillsman(changeset = 5122221)|version 6 = EdHillsman(changeset = 5292138)|version 7 = ktran9(changeset = 5558153)|version 8 = EdHillsman(changeset = 6679507)|version 9 = EdHillsman(changeset = 6735619)
67,4546,5,28.057416,-82.413393,28.0573782,-82.4134803,9.550184602144721,source=survey|bench=no|name=Leroy Collins Blvd @  Alumni Dr|gtfs_stop_code=4546|operator=Hillsborough Area Regional Transit|route_ref=5|ntd_id=4041|shelter=no|highway=bus_stop|gtfs_id=4546|shade=no|,version 1 = EdHillsman(changeset = 5238737)|version 2 = EdHillsman(changeset = 5238737)|version 3 = ktran9(changeset = 5282592)|version 4 = ktran9(changeset = 5282878)|version 5 = EdHillsman(changeset = 5289177)|version 6 = ktran9(changeset = 5557830)
68,4545,5,28.059734,-82.412953,28.0599262,-82.4130699,24.20218861785928,bench=no|name=Leroy Collins Blvd @ Elm Dr@Library|gtfs_stop_code=4545|operator=Hillsborough Area Regional Transit|route_ref=5|ntd_id=4041|shelter=no|highway=bus_stop|gtfs_id=4545|shade=no|,version 1 = EdHillsman(changeset = 5075175)|version 2 = EdHillsman(changeset = 5075175)|version 3 = EdHillsman(changeset = 5126351)|version 4 = ktran9(changeset = 5282592)|version 5 = ktran9(changeset = 5282878)|version 6 = EdHillsman(changeset = 5289177)|version 7 = EdHillsman(changeset = 5289177)|version 8 = ktran9(changeset = 5557830)
69,4544,5,28.057706,-82.412974,28.0579549,-82.4130076,27.780274430048774,bench=no|name=Leroy Collins Blvd @ Alumni Dr|gtfs_stop_code=4544|operator=Hillsborough Area Regional Transit|route_ref=5|ntd_id=4041|shelter=no|highway=bus_stop|gtfs_id=4544|shade=no|,version 1 = EdHillsman(changeset = 5099078)|version 2 = ktran9(changeset = 5282592)|version 3 = ktran9(changeset = 5282878)|version 4 = EdHillsman(changeset = 5289177)|version 5 = ktran9(changeset = 5557830)|version 6 = ktran9(changeset = 5671955)|version 7 = ktran9(changeset = 5671955)
70,4543,5,28.050524,-82.416144,28.050535,-82.4160767,6.728019607754056,operator=Hillsborough Area Regional Transit|name=Malcom McKinley Dr  @ D.O.T. Bldg|gtfs_stop_code=4543|highway=bus_stop|ntd_id=4041|route_ref=5|source=GO_Sync|gtfs_id=4543|,version 1 = ktran9(changeset = 5282878)|version 2 = EdHillsman(changeset = 5307676)|version 3 = ktran9(changeset = 5557830)
71,4541,5,28.033303,-82.416214,28.033566,-82.4160767,32.12077226071489,operator=Hillsborough Area Regional Transit|name=Malcom McKinley Dr @ Busch Blvd|gtfs_stop_code=4541|highway=bus_stop|ntd_id=4041|route_ref=5|source=GO_Sync|gtfs_id=4541|,version 1 = ktran9(changeset = 5282878)|version 2 = EdHillsman(changeset = 5307676)|version 3 = ktran9(changeset = 5557830)
72,3455,4,27.93757,-82.46868,27.9374664,-82.4686914,11.53548338372944,source=GO_Sync|bench=yes|name=South Boulevard @ Swann Av|gtfs_stop_code=3455|operator=Hillsborough Area Regional Transit|route_ref=4|ntd_id=4041|shelter=no|highway=bus_stop|gtfs_id=3455|shade=yes|,version 1 = ktran9(changeset = 5282878)|version 2 = ktran9(changeset = 5557830)|version 3 = EdHillsman(changeset = 6636426)
73,3453,4,27.939933,-82.468643,27.9398882,-82.4686637,5.3663944698531685,source=GO_Sync|bench=yes|name=South Boulevard @ Horatio St|gtfs_stop_code=3453|operator=Hillsborough Area Regional Transit|route_ref=4|ntd_id=4041|shelter=no|highway=bus_stop|gtfs_id=3453|shade=no|wastebasket=no|,version 1 = ktran9(changeset = 5282878)|version 2 = ktran9(changeset = 5557830)|version 3 = EdHillsman(changeset = 6640965)
74,3452,4,27.941974,-82.468599,27.941999,-82.468651,5.8193488005759,source=GO_Sync|bench=no|name=South Boulevard @ Platt St|gtfs_stop_code=3452|operator=Hillsborough Area Regional Transit|route_ref=4|ntd_id=4041|shelter=no|highway=bus_stop|gtfs_id=3452|shade=no|,version 1 = ktran9(changeset = 5282878)|version 2 = ktran9(changeset = 5557830)|version 3 = EdHillsman(changeset = 6250732)
75,3451,4,27.941613,-82.468485,27.9416247,-82.4684954,1.6518753331324596,source=GO_Sync|bench=yes|name=South Boulevard @ Platt St|gtfs_stop_code=3451|operator=Hillsborough Area Regional Transit|route_ref=4|ntd_id=4041|shelter=no|highway=bus_stop|gtfs_id=3451|shade=no|,version 1 = ktran9(changeset = 5282878)|version 2 = ktran9(changeset = 5557830)|version 3 = EdHillsman(changeset = 6250732)
76,3450,4,27.940389,-82.468554,27.9404209,-82.468482,7.918815776422249,source=GO_Sync|bench=yes|name=South Boulevard @ Azeele St|gtfs_stop_code=3450|operator=Hillsborough Area Regional Transit|route_ref=4|ntd_id=4041|shelter=no|highway=bus_stop|gtfs_id=3450|shade=no|,version 1 = ktran9(changeset = 5282878)|version 2 = ktran9(changeset = 5557830)|version 3 = EdHillsman(changeset = 6250732)
77,4537,5,28.004052,-82.414105,28.003944,-82.414105,11.968507636149111,operator=Hillsborough Area Regional Transit|name=40th St @ Jean St|gtfs_stop_code=4537|highway=bus_stop|ntd_id=4041|route_ref=5|source=GO_Sync|gtfs_id=4537|,version 1 = ktran9(changeset = 5282878)|version 2 = ktran9(changeset = 5557830)
78,3449,4,27.9396,-82.468563,27.9396034,-82.4685169,4.552626186079938,source=GO_Sync|bench=yes|name=South Boulevard @ Horatio St|gtfs_stop_code=3449|operator=Hillsborough Area Regional Transit|route_ref=4|ntd_id=4041|shelter=no|highway=bus_stop|gtfs_id=3449|timetable=yes|shade=no|,version 1 = ktran9(changeset = 5282878)|version 2 = ktran9(changeset = 5557830)|version 3 = EdHillsman(changeset = 6250732)
79,3447,4,27.93798,-82.4686,27.937966,-82.4685222,7.812528998393507,source=GO_Sync|bench=yes|name=South Boulevard @ Bay St|gtfs_stop_code=3447|operator=Hillsborough Area Regional Transit|route_ref=4|ntd_id=4041|shelter=no|highway=bus_stop|gtfs_id=3447|shade=no|,version 1 = ktran9(changeset = 5282878)|version 2 = ktran9(changeset = 5557830)|version 3 = EdHillsman(changeset = 6250732)
80,3439,9;12,28.011371,-82.430315,28.0113405,-82.4303699,6.370164447043896,operator=Hillsborough Area Regional Transit|name=Rowlett Park Dr @ Sligh Av|gtfs_stop_code=3439|highway=bus_stop|ntd_id=4041|route_ref=9;12|source=GO_Sync|gtfs_id=3439|,version 1 = ktran9(changeset = 5282878)|version 2 = ktran9(changeset = 5557830)|version 3 = EdHillsman(changeset = 6922342)
81,3432,9;12;18,28.011227,-82.430111,28.0112292,-82.4300775,3.3037889172055888,operator=Hillsborough Area Regional Transit|name=Rowlett Park Dr @ Sligh Av|gtfs_stop_code=3432|highway=bus_stop|ntd_id=4041|route_ref=9;12;18|source=GO_Sync|gtfs_id=3432|,version 1 = ktran9(changeset = 5282878)|version 2 = ktran9(changeset = 5557830)|version 3 = EdHillsman(changeset = 6922342)
82,2304,19,27.941631,-82.468718,27.9416564,-82.4686865,4.187296863534106,source=GO_Sync|bench=yes|name=Platt St @ S Boulevard|gtfs_stop_code=2304|operator=Hillsborough Area Regional Transit|route_ref=19|ntd_id=4041|shelter=no|highway=bus_stop|gtfs_id=2304|shade=no|,version 1 = ktran9(changeset = 5282878)|version 2 = ktran9(changeset = 5557830)|version 3 = EdHillsman(changeset = 6242219)|version 4 = EdHillsman(changeset = 6250732)
83,7170,57,28.054079,-82.362292,28.0540179,-82.3623102,7.003545892265328,operator=Hillsborough Area Regional Transit|name=Fowler Av @ Morris Bridge Rd|gtfs_stop_code=7170|highway=bus_stop|ntd_id=4041|route_ref=57|source=GO_Sync|gtfs_id=7170|,version 1 = ktran9(changeset = 5282878)|version 2 = EdHillsman(changeset = 5295548)|version 3 = ktran9(changeset = 5557830)|version 4 = EdHillsman(changeset = 5755092)
84,7164,57,28.05456,-82.39289,28.054619,-82.3928503,7.614725855982203,source=survey|bench=yes|name=Fowler Av @ 56th St|gtfs_stop_code=7164|operator=Hillsborough Area Regional Transit|route_ref=57|ntd_id=4041|shelter=no|highway=bus_stop|gtfs_id=7164|shade=no|route=57|,version 1 = EdHillsman(changeset = 5195390)|version 2 = EdHillsman(changeset = 5195390)|version 3 = ktran9(changeset = 5236946)|version 4 = ktran9(changeset = 5282592)|version 5 = ktran9(changeset = 5282878)|version 6 = EdHillsman(changeset = 5295548)|version 7 = EdHillsman(changeset = 5295548)|version 8 = ktran9(changeset = 5557830)
85,7163,57,28.054535,-82.389295,28.0546025,-82.3892937,7.481464075027815,source=survey|bench=yes|name=Fowler Av @ 60th St|gtfs_stop_code=7163|operator=Hillsborough Area Regional Transit|route_ref=57|ntd_id=4041|shelter=no|highway=bus_stop|gtfs_id=7163|shade=trees|,version 1 = EdHillsman(changeset = 5195390)|version 2 = EdHillsman(changeset = 5195390)|version 3 = EdHillsman(changeset = 5266318)|version 4 = ktran9(changeset = 5282592)|version 5 = ktran9(changeset = 5282878)|version 6 = ktran9(changeset = 5557830)
86,7162,57,28.054563,-82.386356,28.0545931,-82.386008,34.374895729803875,bench=yes|name=Fowler Av @ Raintree Blvd|gtfs_stop_code=7162|operator=Hillsborough Area Regional Transit|route_ref=57|ntd_id=4041|shelter=no|highway=bus_stop|gtfs_id=7162|shade=no|,version 1 = EdHillsman(changeset = 5195390)|version 2 = EdHillsman(changeset = 5266318)|version 3 = ktran9(changeset = 5282592)|version 4 = ktran9(changeset = 5282878)|version 5 = ktran9(changeset = 5557830)
87,7159,57,28.054495,-82.36943,28.0545551,-82.3693498,10.32120558312067,source=survey|bench=yes|name=Fowler Av @ Riverhills Dr|gtfs_stop_code=7159|operator=Hillsborough Area Regional Transit|route_ref=57|ntd_id=4041|shelter=no|highway=bus_stop|gtfs_id=7159|shade=no|,version 1 = EdHillsman(changeset = 5266318)|version 2 = EdHillsman(changeset = 5266318)|version 3 = ktran9(changeset = 5282592)|version 4 = ktran9(changeset = 5282878)|version 5 = EdHillsman(changeset = 5295548)|version 6 = ktran9(changeset = 5557830)|version 7 = EdHillsman(changeset = 6782677)
88,7158,57,28.054416,-82.363019,28.0544724,-82.363043,6.680797805856384,source=survey|bench=yes|name=Fowler Av @ Morris Bridge Rd|gtfs_stop_code=7158|operator=Hillsborough Area Regional Transit|route_ref=57|ntd_id=4041|shelter=no|highway=bus_stop|gtfs_id=7158|shade=no|,version 1 = EdHillsman(changeset = 5266318)|version 2 = EdHillsman(changeset = 5266318)|version 3 = ktran9(changeset = 5282592)|version 4 = ktran9(changeset = 5282878)|version 5 = ktran9(changeset = 5557830)
89,7150,57,28.053593,-82.360549,28.0536676,-82.3606231,11.018973863140673,operator=Hillsborough Area Regional Transit|name=Boardwalk @ Morris Bridge Rd|gtfs_stop_code=7150|highway=bus_stop|ntd_id=4041|route_ref=57|source=GO_Sync|gtfs_id=7150|,version 1 = ktran9(changeset = 5282878)|version 2 = EdHillsman(changeset = 5295548)|version 3 = ktran9(changeset = 5557830)|version 4 = EdHillsman(changeset = 5755092)
90,2940,9;12,27.960565,-82.446509,27.9605587,-82.4465664,5.69101183062818,operator=Hillsborough Area Regional Transit|name=Nuccio Pkwy @ 7th Av|gtfs_stop_code=2940|highway=bus_stop|ntd_id=4041|route_ref=9;12|source=GO_Sync|gtfs_id=2940|,version 1 = ktran9(changeset = 5282878)|version 2 = ktran9(changeset = 5557830)|version 3 = EdHillsman(changeset = 5655370)
91,7149,57,28.053424,-82.360366,28.0535256,-82.3603763,11.304788223550876,operator=Hillsborough Area Regional Transit|name=Boardwalk @ Morris Bridge Rd|gtfs_stop_code=7149|highway=bus_stop|ntd_id=4041|route_ref=57|source=GO_Sync|gtfs_id=7149|,version 1 = ktran9(changeset = 5282878)|version 2 = EdHillsman(changeset = 5295548)|version 3 = ktran9(changeset = 5557830)|version 4 = EdHillsman(changeset = 5755092)
92,4488,2,28.069154,-82.440341,28.0690879,-82.4401345,21.580045776697805,source=survey|bench=yes|name=Fletcher Av @ Winward Dr|gtfs_stop_code=4488|operator=Hillsborough Area Regional Transit|route_ref=2|ntd_id=4041|shelter=no|highway=bus_stop|gtfs_id=4488|shade=trees|route=2|,version 1 = EdHillsman(changeset = 5252803)|version 2 = ktran9(changeset = 5282592)|version 3 = ktran9(changeset = 5282878)|version 4 = ktran9(changeset = 5557830)
93,4487,2,28.069165,-82.445602,28.0691019,-82.4456052,6.999848939437297,operator=Hillsborough Area Regional Transit|name=Fletcher Av @ Cecelia St|gtfs_stop_code=4487|highway=bus_stop|ntd_id=4041|route_ref=2|source=GO_Sync|gtfs_id=4487|,version 1 = ktran9(changeset = 5282878)|version 2 = EdHillsman(changeset = 5305458)|version 3 = ktran9(changeset = 5557830)|version 4 = EdHillsman(changeset = 5927688)
94,4486,2,28.069175,-82.44749,28.0691089,-82.4474935,7.3333143510415075,operator=Hillsborough Area Regional Transit|name=Fletcher Av @ 12th St|gtfs_stop_code=4486|highway=bus_stop|ntd_id=4041|route_ref=2|source=GO_Sync|gtfs_id=4486|,version 1 = ktran9(changeset = 5282878)|version 2 = EdHillsman(changeset = 5295548)|version 3 = EdHillsman(changeset = 5305458)|version 4 = ktran9(changeset = 5557830)
95,6645,18,28.066832,-82.420449,28.0668565,-82.4203244,12.545639176336957,source=survey|bench=yes|name=Magnolia Dr @ Holly Dr|gtfs_stop_code=6645|operator=Hillsborough Area Regional Transit;USF Bull Runner|route_ref=18|ntd_id=4041|shelter=yes|highway=bus_stop|gtfs_id=6645|shade=roof|,version 1 = EdHillsman(changeset = 3755788)|version 2 = EdHillsman(changeset = 3755788)|version 3 = EdHillsman(changeset = 4770999)|version 4 = EdHillsman(changeset = 5863072)
96,7727,89,27.911558,-82.493592,N/A,N/A,N/A,N/A,N/A
97,7726,10,27.951944,-82.47837,N/A,N/A,N/A,N/A,N/A
98,7725,10,27.951979,-82.482622,N/A,N/A,N/A,N/A,N/A
99,7724,10,27.951981,-82.497101,N/A,N/A,N/A,N/A,N/A
100,7723,9,28.03997,-82.443141,N/A,N/A,N/A,N/A,N/A
101,2281,19,27.936,-82.503477,27.935719,-82.503801,44.57071530320901,operator=Hillsborough Area Regional Transit|name=Henderson Blvd @ Sterling Av|gtfs_stop_code=2281|highway=bus_stop|ntd_id=4041|route_ref=19|source=GO_Sync|gtfs_id=2281|,version 1 = ktran9(changeset = 5282878)|version 2 = ktran9(changeset = 5557830)
102,7722,10,27.952153,-82.497516,N/A,N/A,N/A,N/A,N/A
103,7721,10,27.952158,-82.48732,N/A,N/A,N/A,N/A,N/A
104,7720,10,27.952151,-82.48326,N/A,N/A,N/A,N/A,N/A
105,2279,19,27.935511,-82.50377,N/A,N/A,N/A,N/A,N/A
106,7719,97,27.945465,-82.457158,N/A,N/A,N/A,N/A,N/A
107,7718,41,28.010793,-82.377457,N/A,N/A,N/A,N/A,N/A
108,7717,32,27.975218,-82.31358,N/A,N/A,N/A,N/A,N/A
109,7716,45,28.054322,-82.449569,28.0543258,-82.4494434,12.355228044028678,source=GO_Sync|bench=yes|name=Fowler Av @ 9th St|gtfs_stop_code=7716|operator=Hillsborough Area Regional Transit|FIXME=stop discovered in field; appears in Google Maps but not in upload of HART data|route_ref=45|ntd_id=4041|shelter=yes|highway=bus_stop|gtfs_id=7716|shade=roof|,version 1 = EdHillsman(changeset = 6792930)
110,7715,5,27.999515,-82.414076,N/A,N/A,N/A,N/A,N/A
111,7714,5,27.996735,-82.413915,N/A,N/A,N/A,N/A,N/A
112,7712,24;25,27.861017,-82.494176,N/A,N/A,N/A,N/A,N/A
113,7711,24;25,27.86128,-82.493802,N/A,N/A,N/A,N/A,N/A
114,3357,5,28.058278,-82.420029,28.0589396,-82.4200716,73.43828398303707,bench=yes|name=Magnolia Dr @ Alumni Dr;Bull Runner Bus Stop|gtfs_stop_code=3357|operator=Hillsborough Area Regional Transit|route_ref=5|ntd_id=4041|shelter=yes|highway=bus_stop|gtfs_id=3357|note=Originally a Bull Runner shelter; bears Bull Runner name but has notice inside saying the shuttle stop is permanently closed; formerly ID 210S|shade=roof|,version 1 = ShannonLadd(changeset = 2009469)|version 2 = EdHillsman(changeset = 2937532)|version 3 = EdHillsman(changeset = 5122221)|version 4 = EdHillsman(changeset = 5234299)|version 5 = EdHillsman(changeset = 5238737)|version 6 = EdHillsman(changeset = 5263054)|version 7 = EdHillsman(changeset = 5292138)|version 8 = ktran9(changeset = 5547741)|version 9 = ktran9(changeset = 5558153)|version 10 = EdHillsman(changeset = 6679507)
115,0695,12,28.053675,-82.434559,28.0536681,-82.4344859,7.227251954010107,source=GO_Sync|bench=yes|name=22nd St @ Fowler Av|gtfs_stop_code=695|operator=Hillsborough Area Regional Transit|route_ref=12|ntd_id=4041|shelter=no|highway=bus_stop|gtfs_id=0695|shade=no|,version 1 = ktran9(changeset = 5282878)|version 2 = ktran9(changeset = 5557830)|version 3 = EdHillsman(changeset = 5753338)|version 4 = EdHillsman(changeset = 5753338)
116,1775,36,28.098761,-82.502049,N/A,N/A,N/A,N/A,N/A
117,7029,6,28.042858,-82.393691,28.0428901,-82.3937102,4.0272025664838145,operator=Hillsborough Area Regional Transit|name=56th St @ Serena Dr|gtfs_stop_code=7029|highway=bus_stop|ntd_id=4041|route_ref=6|source=GO_Sync|gtfs_id=7029|,version 1 = ktran9(changeset = 5282878)|version 2 = caribarchgirl84(changeset = 5376790)|version 3 = ktran9(changeset = 5557830)
118,7027,5,28.054976,-82.413421,28.0549532,-82.4134743,5.817395653489995,operator=Hillsborough Area Regional Transit|route=5|name=Leroy Collins Blvd @ Fowler Av|gtfs_stop_code=7027|highway=bus_stop|ntd_id=4041|route_ref=5|gtfs_id=7027|,version 1 = EdHillsman(changeset = 4767761)|version 2 = ktran9(changeset = 5282592)|version 3 = ktran9(changeset = 5282878)|version 4 = EdHillsman(changeset = 5380292)|version 5 = ktran9(changeset = 5557830)
119,7026,5,28.061612,-82.419617,28.0626315,-82.4196424,113.00904074089657,operator=Hillsborough Area Regional Transit;USF Bull Runner|gtfs_stop_code=7026|name=Magnolia Dr @ Laurel Dr;Bull Runner Bus Stop|highway=bus_stop|ntd_id=4041|route_ref=5;A|gtfs_id=7026|,version 1 = ShannonLadd(changeset = 2009469)|version 2 = EdHillsman(changeset = 5122221)|version 3 = EdHillsman(changeset = 5238737)|version 4 = xybot(changeset = 5246414)|version 5 = EdHillsman(changeset = 5292138)|version 6 = ktran9(changeset = 5547741)|version 7 = ktran9(changeset = 5558153)
120,3907,8,27.960158,-82.443097,27.9602183,-82.443092,6.700460844074532,source=GO_Sync|bench=yes|name=7th Av @ 15th St|gtfs_stop_code=3907|operator=Hillsborough Area Regional Transit|route_ref=8|ntd_id=4041|shelter=no|highway=bus_stop|gtfs_id=3907|shade=no|,version 1 = ktran9(changeset = 5282878)|version 2 = ktran9(changeset = 5557830)|version 3 = EdHillsman(changeset = 5836473)
121,7024,5,27.962477,-82.446424,27.9624926,-82.4464286,1.7870429970604667,operator=Hillsborough Area Regional Transit|name=Palm Av @ Nuccio Pkwy|gtfs_stop_code=7024|highway=bus_stop|ntd_id=4041|route_ref=5|source=GO_Sync|gtfs_id=7024|,version 1 = ktran9(changeset = 5282878)|version 2 = ktran9(changeset = 5557830)|version 3 = EdHillsman(changeset = 5836473)
122,7010,4,27.937337,-82.469627,27.9373855,-82.4696917,8.332754806018725,source=GO_Sync|bench=no|name=Swann Av @ Edison Av|gtfs_stop_code=7010|operator=Hillsborough Area Regional Transit|route_ref=4|ntd_id=4041|shelter=no|highway=bus_stop|gtfs_id=7010|shade=trees|,version 1 = ktran9(changeset = 5282878)|version 2 = ktran9(changeset = 5557830)|version 3 = EdHillsman(changeset = 6250732)
123,7689,57,28.072728,-82.413943,28.073019,-82.4139415,32.24913945349141,source=GO_Sync|bench=yes|name=N 42nd St @ Lazy Oak Dr|gtfs_stop_code=7689|operator=Hillsborough Area Regional Transit|route_ref=57|ntd_id=4041|shelter=no|highway=bus_stop|gtfs_id=7689|shade=no|wastebasket=no|,version 1 = ktran9(changeset = 5282878)|version 2 = ktran9(changeset = 5557830)|version 3 = EdHillsman(changeset = 6768019)|version 4 = EdHillsman(changeset = 6850810)
124,7688,57,28.072175,-82.414115,28.0720765,-82.4140796,11.457032392031412,source=GO_Sync|bench=yes|name=N 42nd St @ Lazy Oak Dr|gtfs_stop_code=7688|operator=Hillsborough Area Regional Transit;USF Bull Runner|route_ref=57;C|ntd_id=4041|shelter=yes|highway=bus_stop|gtfs_id=7688|shade=roof|wastebasket=yes|,version 1 = ktran9(changeset = 5282878)|version 2 = ktran9(changeset = 5557830)|version 3 = EdHillsman(changeset = 6735619)|version 4 = EdHillsman(changeset = 6768019)|version 5 = EdHillsman(changeset = 6768019)|version 6 = EdHillsman(changeset = 6771427)|version 7 = EdHillsman(changeset = 6882828)
125,7615,6,28.054242,-82.397669,28.0542455,-82.3979052,23.224667423591963,bench=yes|name=Fowler Av @ 52nd St|gtfs_stop_code=7615|surface=paved|operator=Hillsborough Area Regional Transit|route_ref=6|ntd_id=4041|shelter=no|highway=bus_stop|gtfs_id=7615|waste_basket=no|shade=no|,version 1 = EdHillsman(changeset = 5165537)|version 2 = ktran9(changeset = 5231988)|version 3 = ktran9(changeset = 5238742)|version 4 = ktran9(changeset = 5257065)|version 5 = ktran9(changeset = 5257249)|version 6 = ktran9(changeset = 5257427)|version 7 = ktran9(changeset = 5257440)|version 8 = ktran9(changeset = 5282592)|version 9 = ktran9(changeset = 5282878)|version 10 = EdHillsman(changeset = 5295548)|version 11 = EdHillsman(changeset = 5312834)|version 12 = caribarchgirl84(changeset = 5376790)|version 13 = ktran9(changeset = 5557830)|version 14 = adjuva(changeset = 6363032)
126,7613,57,28.054542,-82.381642,N/A,N/A,N/A,N/A,N/A
127,7612,57,28.05454,-82.377192,N/A,N/A,N/A,N/A,N/A
128,4328,36,28.112613,-82.501491,N/A,N/A,N/A,N/A,N/A
129,4326,23,28.050772,-82.394396,28.0507898,-82.3945835,18.53943820979057,operator=Hillsborough Area Regional Transit|name=113th Av @ Temple Terrace City Hall|gtfs_stop_code=4326|highway=bus_stop|ntd_id=4041|route_ref=23|source=GO_Sync|gtfs_id=4326|,version 1 = ktran9(changeset = 5282878)|version 2 = EdHillsman(changeset = 5295548)|version 3 = EdHillsman(changeset = 5509298)|version 4 = ktran9(changeset = 5557830)|version 5 = EdHillsman(changeset = 6559219)
130,2149,19,27.900047,-82.518516,27.900554,-82.518468,56.38303746834321,operator=Hillsborough Area Regional Transit|name=Manhattan Av @ Fair Oaks Av|gtfs_stop_code=2149|highway=bus_stop|ntd_id=4041|route_ref=19|source=GO_Sync|gtfs_id=2149|,version 1 = ktran9(changeset = 5282878)|version 2 = ktran9(changeset = 5557830)
131,4977,57,28.0675,-82.42626,28.0675147,-82.4262552,1.6960173984453564,operator=Hillsborough Area Regional Transit|name=Bruce B Downs Blvd @ 132nd Av|gtfs_stop_code=4977|highway=bus_stop|ntd_id=4041|route_ref=57|source=GO_Sync|gtfs_id=4977|,version 1 = ktran9(changeset = 5282878)|version 2 = EdHillsman(changeset = 5295548)|version 3 = ktran9(changeset = 5557830)
132,4974,18,28.056123,-82.425899,28.0559755,-82.4258316,17.63796306675988,bench=yes|name=30th St @ Pine Dr|gtfs_stop_code=4974|operator=Hillsborough Area Regional Transit|route_ref=18|ntd_id=4041|shelter=yes|highway=bus_stop|gtfs_id=4974|shade=roof|,version 1 = EdHillsman(changeset = 4640908)|version 2 = EdHillsman(changeset = 4640908)|version 3 = ktran9(changeset = 5282592)|version 4 = ktran9(changeset = 5282878)|version 5 = EdHillsman(changeset = 5317868)|version 6 = ktran9(changeset = 5557830)|version 7 = EdHillsman(changeset = 5581820)
133,4963,18,28.02512,-82.434586,28.0250906,-82.4345461,5.1000868091761475,operator=Hillsborough Area Regional Transit|name=22nd St @ Water Av|gtfs_stop_code=4963|highway=bus_stop|ntd_id=4041|route_ref=18|source=GO_Sync|gtfs_id=4963|,version 1 = ktran9(changeset = 5282878)|version 2 = ktran9(changeset = 5557830)|version 3 = EdHillsman(changeset = 6922342)
134,2747,5;12,27.962304,-82.44336,27.962341,-82.4433381,4.632053286313001,source=GO_Sync|bench=yes|name=Palm Av @ 15th St|gtfs_stop_code=2747|operator=Hillsborough Area Regional Transit|route_ref=5;12|ntd_id=4041|shelter=yes|highway=bus_stop|gtfs_id=2747|shade=roof|,version 1 = ktran9(changeset = 5282878)|version 2 = ktran9(changeset = 5557830)|version 3 = EdHillsman(changeset = 5600776)
135,2737,5;12,27.962541,-82.442215,27.9625874,-82.4421901,5.695865501493054,source=GO_Sync|bench=yes|name=Palm Av @ 15th St|gtfs_stop_code=2737|operator=Hillsborough Area Regional Transit|route_ref=5;12|ntd_id=4041|shelter=yes|highway=bus_stop|gtfs_id=2737|shade=roof|,version 1 = ktran9(changeset = 5282878)|version 2 = ktran9(changeset = 5557830)|version 3 = EdHillsman(changeset = 5562605)|version 4 = EdHillsman(changeset = 5600776)
136,0548,31;46,27.951379,-82.450884,N/A,N/A,N/A,N/A,N/A
137,1622,5,28.044154,-82.416414,28.044172,-82.4164683,5.699352118912115,operator=Hillsborough Area Regional Transit|name=Mckinley Dr @ Bougainvillea Av|gtfs_stop_code=1622|highway=bus_stop|ntd_id=4041|route_ref=5|source=GO_Sync|gtfs_id=1622|,version 1 = ktran9(changeset = 5282878)|version 2 = EdHillsman(changeset = 5307676)|version 3 = ktran9(changeset = 5557830)
138,1619,5,28.053616,-82.416055,28.0535886,-82.4160526,3.0456301162003347,operator=Hillsborough Area Regional Transit|name=Mckinley Dr @ Fowler Av|gtfs_stop_code=1619|highway=bus_stop|ntd_id=4041|route_ref=5|source=GO_Sync|gtfs_id=1619|,version 1 = ktran9(changeset = 5282878)|version 2 = EdHillsman(changeset = 5295548)|version 3 = EdHillsman(changeset = 5307676)|version 4 = ktran9(changeset = 5557830)
139,1618,5,28.044336,-82.416145,28.0443471,-82.4160499,9.43094860342221,operator=Hillsborough Area Regional Transit|name=Mckinley Dr @ Bougainvillea Av|gtfs_stop_code=1618|highway=bus_stop|ntd_id=4041|route_ref=5|source=GO_Sync|gtfs_id=1618|,version 1 = ktran9(changeset = 5282878)|version 2 = EdHillsman(changeset = 5307676)|version 3 = ktran9(changeset = 5557830)
140,1617,5,28.039471,-82.416137,28.039461,-82.4160607,7.583681735442423,operator=Hillsborough Area Regional Transit|name=Mckinley Dr @ Linebaugh Av|gtfs_stop_code=1617|highway=bus_stop|ntd_id=4041|route_ref=5|source=GO_Sync|gtfs_id=1617|,version 1 = ktran9(changeset = 5282878)|version 2 = EdHillsman(changeset = 5307676)|version 3 = ktran9(changeset = 5557830)
141,1616,5,28.034706,-82.416406,28.0347829,-82.416404,8.524327660193904,operator=Hillsborough Area Regional Transit|name=Mckinley Dr @ Busch Blvd|gtfs_stop_code=1616|highway=bus_stop|ntd_id=4041|route_ref=5|source=GO_Sync|gtfs_id=1616|,version 1 = ktran9(changeset = 5282878)|version 2 = EdHillsman(changeset = 5307676)|version 3 = ktran9(changeset = 5557830)
142,7593,19,27.900192,-82.518334,27.900871,-82.518223,76.03474929263993,operator=Hillsborough Area Regional Transit|name=Manhattan Av @ Fair Oaks Av|gtfs_stop_code=7593|highway=bus_stop|ntd_id=4041|route_ref=19|source=GO_Sync|gtfs_id=7593|,version 1 = ktran9(changeset = 5282878)|version 2 = ktran9(changeset = 5557830)
143,7590,6,28.053579,-82.393908,28.0536608,-82.3938873,9.290728152738636,bench=yes|name=56th St @ E Fowler Av|gtfs_stop_code=7590|operator=Hillsborough Area Regional Transit|route_ref=6|ntd_id=4041|shelter=yes|highway=bus_stop|gtfs_id=7590|amenity=handicap_ramp|shade=roof|,version 1 = ktran9(changeset = 5236946)|version 2 = ktran9(changeset = 5282592)|version 3 = ktran9(changeset = 5282878)|version 4 = EdHillsman(changeset = 5295548)|version 5 = caribarchgirl84(changeset = 5376790)|version 6 = ktran9(changeset = 5557830)|version 7 = EdHillsman(changeset = 6374598)
144,7581,6,28.068971,-82.419926,28.0690007,-82.4198081,12.047777416501798,operator=Hillsborough Area Regional Transit|name=Fletcher Av @ Magnolia Dr|gtfs_stop_code=7581|highway=bus_stop|ntd_id=4041|route_ref=6|source=GO_Sync|gtfs_id=7581|,version 1 = ktran9(changeset = 5282878)|version 2 = EdHillsman(changeset = 5295548)|version 3 = EdHillsman(changeset = 5328579)|version 4 = caribarchgirl84(changeset = 5376790)|version 5 = ktran9(changeset = 5557830)
145,6497,1;2;5;6;9;12;18;45,28.066419,-82.429872,N/A,N/A,N/A,N/A,N/A
146,7576,16;30;34;39;59;88,28.028126,-82.584433,28.0280708,-82.5845763,15.362095394662402,operator=Hillsborough Area Regional Transit|name=Northwest Transfer Center|gtfs_stop_code=7576|highway=bus_stop|ntd_id=4041|route_ref=16;30;34;39;59;88|source=GO_Sync|gtfs_id=7576|,version 1 = ktran9(changeset = 5282878)|version 2 = ktran9(changeset = 5557830)|version 3 = EdHillsman(changeset = 6234608)|version 4 = EdHillsman(changeset = 6641815)
147,4273,12;45,28.057475,-82.436651,28.0574474,-82.4366303,3.673766101980601,source=GO_Sync|bench=yes|name=University Mall|gtfs_stop_code=4273|operator=Hillsborough Area Regional Transit;USF Bull Runner|route_ref=12;45|ntd_id=4041|shelter=yes|highway=bus_stop|gtfs_id=4273|shade=roof|,version 1 = ktran9(changeset = 5282878)|version 2 = ktran9(changeset = 5557830)|version 3 = EdHillsman(changeset = 6418365)|version 4 = EdHillsman(changeset = 6596750)|version 5 = EdHillsman(changeset = 6728025)|version 6 = EdHillsman(changeset = 6735619)
148,2096,10,27.951901,-82.472792,27.951901,-82.472883,8.954901150448206,operator=Hillsborough Area Regional Transit|name=Cypress St @ Willow Av|gtfs_stop_code=2096|highway=bus_stop|ntd_id=4041|route_ref=10|source=GO_Sync|gtfs_id=2096|,version 1 = ktran9(changeset = 5282878)|version 2 = ktran9(changeset = 5557830)
149,5350,16;34;88,27.996594,-82.577646,27.9965303,-82.5776419,7.070706230217457,operator=Hillsborough Area Regional Transit|name=Hillsborough Av @ 8332|gtfs_stop_code=5350|highway=bus_stop|ntd_id=4041|route_ref=16;34;88|source=GO_Sync|gtfs_id=5350|,version 1 = ktran9(changeset = 5282878)|version 2 = David Hey(changeset = 5528186)|version 3 = ktran9(changeset = 5557830)
150,2088,10,27.951995,-82.4873,27.951995,-82.487209,8.954893396823433,operator=Hillsborough Area Regional Transit|name=Cypress St @ Tampania Av|gtfs_stop_code=2088|highway=bus_stop|ntd_id=4041|route_ref=10|source=GO_Sync|gtfs_id=2088|,version 1 = ktran9(changeset = 5282878)|version 2 = ktran9(changeset = 5557830)
151,5349,16;34;88,27.996629,-82.580417,27.9965811,-82.5804276,5.409682582898674,operator=Hillsborough Area Regional Transit|name=Hillsborough Av @ Ross Plaza|gtfs_stop_code=5349|highway=bus_stop|ntd_id=4041|route_ref=16;34;88|source=GO_Sync|gtfs_id=5349|,version 1 = ktran9(changeset = 5282878)|version 2 = David Hey(changeset = 5519805)|version 3 = ktran9(changeset = 5557830)
152,5348,16;34;88,27.999201,-82.583495,27.9992052,-82.5836033,10.662831780699566,operator=Hillsborough Area Regional Transit|name=Sheldon Rd @ 7-11 Store|gtfs_stop_code=5348|highway=bus_stop|ntd_id=4041|route_ref=16;34;88|source=GO_Sync|gtfs_id=5348|,version 1 = ktran9(changeset = 5282878)|version 2 = David Hey(changeset = 5519805)|version 3 = ktran9(changeset = 5557830)
153,4258,5,28.060649,-82.413439,28.0607591,-82.4134051,12.648266272738654,source=survey|bench=yes|name=Usf @ Administration Bldg|gtfs_stop_code=4258|operator=Hillsborough Area Regional Transit|route_ref=5;A;D|ntd_id=4041|shelter=yes|highway=bus_stop|gtfs_id=4258|shade=roof|,version 1 = ShannonLadd(changeset = 2009469)|version 2 = EdHillsman(changeset = 2879262)|version 3 = EdHillsman(changeset = 2879262)|version 4 = EdHillsman(changeset = 5126351)|version 5 = ktran9(changeset = 5282592)|version 6 = ktran9(changeset = 5282878)|version 7 = EdHillsman(changeset = 5289177)|version 8 = ktran9(changeset = 5557830)|version 9 = EdHillsman(changeset = 6728025)|version 10 = EdHillsman(changeset = 6735619)
154,5341,16;34,28.015196,-82.583298,28.0152088,-82.5833878,8.944845517690114,operator=Hillsborough Area Regional Transit|name=Sheldon Rd @ Hamilton Av|gtfs_stop_code=5341|highway=bus_stop|ntd_id=4041|route_ref=16;34|source=GO_Sync|gtfs_id=5341|,version 1 = ktran9(changeset = 5282878)|version 2 = David Hey(changeset = 5399128)|version 3 = ktran9(changeset = 5557830)
155,5312,16;34,27.998277,-82.583032,27.998305,-82.582978,6.151553959705725,operator=Hillsborough Area Regional Transit|name=Sheldon Rd @ Bay Plaza|gtfs_stop_code=5312|highway=bus_stop|ntd_id=4041|route_ref=16;34|source=GO_Sync|gtfs_id=5312|,version 1 = ktran9(changeset = 5282878)|version 2 = David Hey(changeset = 5410960)|version 3 = ktran9(changeset = 5557830)
156,2040,10,27.952107,-82.479008,27.952094,-82.479026,2.283186549507153,operator=Hillsborough Area Regional Transit|name=Cypress St @ Fremont Av|gtfs_stop_code=2040|highway=bus_stop|ntd_id=4041|route_ref=10|source=GO_Sync|gtfs_id=2040|,version 1 = ktran9(changeset = 5282878)|version 2 = ktran9(changeset = 5557830)
157,4219,6,28.065809,-82.412019,28.065806,-82.4120271,0.8628618887761098,bench=yes|name=Holly Dr @ Palm Dr;Sheltered Bull Runner Bus Stop|gtfs_stop_code=4219|operator=Hillsborough Area Regional Transit;USF Bull Runner|route_ref=6;A;C|ntd_id=4041|shelter=yes|highway=bus_stop|gtfs_id=4219|shade=trees|,version 1 = ShannonLadd(changeset = 2009469)|version 2 = EdHillsman(changeset = 3977215)|version 3 = EdHillsman(changeset = 5126351)|version 4 = EdHillsman(changeset = 5289177)|version 5 = ktran9(changeset = 5547673)|version 6 = ktran9(changeset = 5558153)|version 7 = EdHillsman(changeset = 6735619)
158,4217,6,28.065799,-82.407294,28.065795,-82.4074325,13.622049122786194,bench=no|name=Holly Dr @ Maple Dr;Bull Runner Bus Stop|gtfs_stop_code=4217|operator=Hillsborough Area Regional Transit;USF Bull Runner|route_ref=6;A|ntd_id=4041|shelter=no|highway=bus_stop|gtfs_id=4217|shade=no|,version 1 = ShannonLadd(changeset = 2009469)|version 2 = EdHillsman(changeset = 3935008)|version 3 = EdHillsman(changeset = 5126351)|version 4 = EdHillsman(changeset = 5126351)|version 5 = EdHillsman(changeset = 5294129)|version 6 = ktran9(changeset = 5547673)|version 7 = ktran9(changeset = 5558153)
159,4213,6,28.065697,-82.407439,28.065666,-82.4075048,7.323994367234556,source=survey|bench=no|name=Holly Dr @ Maple Dr;Bull Runner Bus Stop|gtfs_stop_code=4213|operator=Hillsborough Area Regional Transit;USF Bull Runner|route_ref=6;E|ntd_id=4041|shelter=no|highway=bus_stop|gtfs_id=4213|shade=no|,version 1 = ShannonLadd(changeset = 2009469)|version 2 = EdHillsman(changeset = 3935008)|version 3 = EdHillsman(changeset = 5126351)|version 4 = EdHillsman(changeset = 5126351)|version 5 = EdHillsman(changeset = 5294129)|version 6 = caribarchgirl84(changeset = 5376790)|version 7 = ktran9(changeset = 5547673)|version 8 = ktran9(changeset = 5558153)
160,2037,10,27.952064,-82.472731,27.95203,-82.472955,22.362508513999085,operator=Hillsborough Area Regional Transit|name=Cypress St @ Willow Av|gtfs_stop_code=2037|highway=bus_stop|ntd_id=4041|route_ref=10|source=GO_Sync|gtfs_id=2037|,version 1 = ktran9(changeset = 5282878)|version 2 = ktran9(changeset = 5557830)
161,3114,5,28.065891,-82.420902,28.0660043,-82.4208696,12.953623118835127,source=survey|bench=yes|name=Holly Dr @ Magnolia Dr|gtfs_stop_code=3114|operator=Hillsborough Area Regional Transit;USF Bull Runner|route_ref=5;D|ntd_id=4041|shelter=no|highway=bus_stop|gtfs_id=3114|watebasket=no|note=Bull Runner stop 313|shade=none|,version 1 = EdHillsman(changeset = 5122221)|version 2 = EdHillsman(changeset = 5238737)|version 3 = EdHillsman(changeset = 5263177)|version 4 = EdHillsman(changeset = 5380292)|version 5 = ktran9(changeset = 5547673)|version 6 = ktran9(changeset = 5558153)|version 7 = EdHillsman(changeset = 6731522)|version 8 = EdHillsman(changeset = 6882190)
162,3113,5;18,28.065757,-82.424618,28.0656649,-82.424733,15.230604729165057,source=survey|bench=yes|name=Holly Dr @ Pine Dr @ Crosswalk|gtfs_stop_code=3113|operator=Hillsborough Area Regional Transit; USF Bull Runner|route_ref=5;18;D|ntd_id=4041|shelter=yes|highway=bus_stop|gtfs_id=3113|watebasket=yes|note=Bull Runner stop 319|shade=roof|,version 1 = EdHillsman(changeset = 5263054)|version 2 = ktran9(changeset = 5282592)|version 3 = ktran9(changeset = 5282878)|version 4 = ktran9(changeset = 5557830)|version 5 = EdHillsman(changeset = 6735619)|version 6 = EdHillsman(changeset = 6882190)
163,3111,5;18,28.066147,-82.423515,28.0661098,-82.4235501,5.375909224544537,source=survey|bench=yes|name=Holly Dr @ Cypress Dr|gtfs_stop_code=3111|operator=Hillsborough Area Regional Transit|route_ref=5;18;D|ntd_id=4041|shelter=no|highway=bus_stop|gtfs_id=3111|note=Bull Runner stp 316|shade=no|,version 1 = EdHillsman(changeset = 5263054)|version 2 = EdHillsman(changeset = 5263054)|version 3 = ktran9(changeset = 5282592)|version 4 = ktran9(changeset = 5282878)|version 5 = ktran9(changeset = 5557830)|version 6 = EdHillsman(changeset = 6731522)|version 7 = EdHillsman(changeset = 6882190)
164,3110,5;18,28.066119,-82.420828,28.0661368,-82.4209448,11.64986442199271,source=survey|bench=yes|name=Holly Dr @ Magnolia Dr|gtfs_stop_code=3110|operator=Hillsborough Area Regional Transit;USF Bull Runner|route_ref=5;18;B;D|ntd_id=4041|shelter=no|highway=bus_stop|gtfs_id=3110|watebasket=no|shade=trees|,version 1 = EdHillsman(changeset = 5122221)|version 2 = EdHillsman(changeset = 5380292)|version 3 = ktran9(changeset = 5547673)|version 4 = ktran9(changeset = 5558153)|version 5 = EdHillsman(changeset = 6882190)
165,2021,6;39,28.032734,-82.393636,28.0329931,-82.393637,28.713625402196342,source=GO_Sync|bench=yes|name=56th St @ Busch Blvd|gtfs_stop_code=2021|operator=Hillsborough Area Regional Transit|route_ref=6;39|ntd_id=4041|shelter=yes|highway=bus_stop|gtfs_id=2021|note=features and location confirmed from across street because of construction; did not get close enough to check gtfs tag|shade=roof|,version 1 = ktran9(changeset = 5282878)|version 2 = caribarchgirl84(changeset = 5376938)|version 3 = caribarchgirl84(changeset = 5395316)|version 4 = ktran9(changeset = 5557830)|version 5 = EdHillsman(changeset = 6760162)
166,2020,6;39,28.034437,-82.393635,28.0344979,-82.3936005,7.553580246747443,operator=Hillsborough Area Regional Transit|name=56th St @ Sewaha St|gtfs_stop_code=2020|highway=bus_stop|ntd_id=4041|route_ref=6;39|source=GO_Sync|gtfs_id=2020|,version 1 = ktran9(changeset = 5282878)|version 2 = caribarchgirl84(changeset = 5376910)|version 3 = ktran9(changeset = 5557830)
167,3109,5,28.0578,-82.415793,28.057739,-82.4159423,16.159509813896904,source=survey|bench=yes|name=Alumni Dr @ Leroy Collins@ Eng Bldg;Sheltered Bull Runner Bus Stop|gtfs_stop_code=3109|operator=Hillsborough Area Regional Transit;USF Bull Runner|route_ref=5;A;D|ntd_id=4041|shelter=yes|highway=bus_stop|gtfs_id=3109|shade=roof|,version 1 = ShannonLadd(changeset = 2009469)|version 2 = EdHillsman(changeset = 3150181)|version 3 = EdHillsman(changeset = 3756085)|version 4 = EdHillsman(changeset = 4767761)|version 5 = EdHillsman(changeset = 5122221)|version 6 = EdHillsman(changeset = 5238737)|version 7 = EdHillsman(changeset = 5292138)|version 8 = ktran9(changeset = 5547741)|version 9 = ktran9(changeset = 5558153)|version 10 = EdHillsman(changeset = 6728025)|version 11 = EdHillsman(changeset = 6735619)
168,3105,5,28.058141,-82.416735,28.0581775,-82.4180747,131.76667396603716,source=survey|name=Alumni Dr @ Laurel Dr;Bull Runner Bus Stop|gtfs_stop_code=3105|operator=Hillsborough Area Regional Transit;USF Bull Runner|route_ref=5;D|ntd_id=4041|highway=bus_stop|gtfs_id=3105|note=Bull Runner ID 205|,version 1 = ShannonLadd(changeset = 2009469)|version 2 = EdHillsman(changeset = 5122221)|version 3 = EdHillsman(changeset = 5238737)|version 4 = EdHillsman(changeset = 5292138)|version 5 = ktran9(changeset = 5547741)|version 6 = ktran9(changeset = 5558153)|version 7 = EdHillsman(changeset = 6679507)
169,3104,5,28.057316,-82.413653,28.0580609,-82.4160442,249.15047319894012,source=survey|bench=yes|name=Alumni Dr @ Leroy Collins @Eng Bldg;Sheltered Bull Runner Bus Stop|gtfs_stop_code=3104|operator=Hillsborough Area Regional Transit;USF Bull Runner|route_ref=5;D;E|ntd_id=4041|shelter=yes|highway=bus_stop|gtfs_id=3104|shade=roof|,version 1 = ShannonLadd(changeset = 2009469)|version 2 = EdHillsman(changeset = 3150181)|version 3 = EdHillsman(changeset = 3756085)|version 4 = EdHillsman(changeset = 4767761)|version 5 = EdHillsman(changeset = 5099078)|version 6 = EdHillsman(changeset = 5238737)|version 7 = EdHillsman(changeset = 5292138)|version 8 = ktran9(changeset = 5547741)|version 9 = ktran9(changeset = 5558153)|version 10 = EdHillsman(changeset = 6728025)|version 11 = EdHillsman(changeset = 6735619)
170,2012,6,28.04782,-82.393851,28.0477293,-82.3938576,10.072318051828681,source=GO_Sync|bench=yes|name=56th St @ Whiteway Dr|gtfs_stop_code=2012|operator=Hillsborough Area Regional Transit|route_ref=6|ntd_id=4041|shelter=no|highway=bus_stop|gtfs_id=2012|shade=no|wastebasket=no|,version 1 = ktran9(changeset = 5282878)|version 2 = caribarchgirl84(changeset = 5376790)|version 3 = ktran9(changeset = 5557830)|version 4 = EdHillsman(changeset = 6815405)
171,2006,6,28.049894,-82.393464,28.0499426,-82.3934687,5.40565054725445,source=GO_Sync|bench=no|name=56th St @ 113th Av @ City Hall|gtfs_stop_code=2006|operator=Hillsborough Area Regional Transit|route_ref=6|ntd_id=4041|shelter=no|highway=bus_stop|gtfs_id=2006|shade=yes|wastebasket=no|,version 1 = ktran9(changeset = 5282878)|version 2 = ktran9(changeset = 5557830)|version 3 = EdHillsman(changeset = 6815628)
172,2005,6,28.04753,-82.393466,28.0477103,-82.3934955,20.19029707533466,source=GO_Sync|bench=yes|name=56th St @ Whiteway Dr|gtfs_stop_code=2005|operator=Hillsborough Area Regional Transit|route_ref=6|ntd_id=4041|shelter=no|highway=bus_stop|gtfs_id=2005|shade=no|wastebasket=no|,version 1 = ktran9(changeset = 5282878)|version 2 = ktran9(changeset = 5557830)|version 3 = EdHillsman(changeset = 6815405)
173,4870,10,27.95202,-82.469805,27.952023,-82.469719,8.469391820582747,operator=Hillsborough Area Regional Transit|name=Cypress St @ Edison Av|gtfs_stop_code=4870|highway=bus_stop|ntd_id=4041|route_ref=10|source=GO_Sync|gtfs_id=4870|,version 1 = ktran9(changeset = 5282878)|version 2 = ktran9(changeset = 5557830)
174,1598,5,28.002567,-82.414105,28.002576,-82.414105,0.9973754296099299,operator=Hillsborough Area Regional Transit|name=40th St @ Paris St|gtfs_stop_code=1598|highway=bus_stop|ntd_id=4041|route_ref=5|source=GO_Sync|gtfs_id=1598|,version 1 = ktran9(changeset = 5282878)|version 2 = ktran9(changeset = 5557830)
175,1597,5,28.000937,-82.414096,28.001073,-82.414096,15.071447495917749,operator=Hillsborough Area Regional Transit|name=40th St @ Idlewild Av|gtfs_stop_code=1597|highway=bus_stop|ntd_id=4041|route_ref=5|source=GO_Sync|gtfs_id=1597|,version 1 = ktran9(changeset = 5282878)|version 2 = ktran9(changeset = 5557830)
176,3731,14,27.982618,-82.484542,27.982894,-82.484566,30.677086064266785,operator=Hillsborough Area Regional Transit|gtfs_stop_code=3731|name=Armenia Av @ Wishart Blvd|highway=bus_stop|ntd_id=4041|route_ref=14|source=GO_Sync|gtfs_id=3731|,version 1 = ktran9(changeset = 5282878)|version 2 = ktran9(changeset = 5557830)
177,0469,2,28.059963,-82.451019,28.05933,-82.4509728,70.29619750131255,operator=Hillsborough Area Regional Transit|name=Nebraska Av @ 124th Av|gtfs_stop_code=469|highway=bus_stop|ntd_id=4041|route_ref=2|source=GO_Sync|gtfs_id=0469|,version 1 = ktran9(changeset = 5282878)|version 2 = ktran9(changeset = 5557830)|version 3 = EdHillsman(changeset = 6517422)
178,2637,6,28.010823,-82.402026,N/A,N/A,N/A,N/A,N/A
179,1537,41;45,28.010815,-82.472319,N/A,N/A,N/A,N/A,N/A
180,1522,9;12;41,28.010666,-82.43468,28.010711,-82.433788,87.87174730850704,operator=Hillsborough Area Regional Transit|name=Sligh Av @ 22nd St|gtfs_stop_code=1522|highway=bus_stop|ntd_id=4041|route_ref=9;12;41|source=GO_Sync|gtfs_id=1522|,version 1 = ktran9(changeset = 5282878)|version 2 = ktran9(changeset = 5557830)
181,1515,6;41,28.010768,-82.401621,28.0107619,-82.4015268,9.289396110154732,source=GO_Sync|bench=yes|name=Sligh Av @ 50th St|gtfs_stop_code=1515|surface=yes|operator=Hillsborough Area Regional Transit|route_ref=6;41|ntd_id=4041|shelter=no|highway=bus_stop|bicycle_parking=no|gtfs_id=1515|timetable=no|waste_basket=no|shade=no|source2=survey|lit=no|,version 1 = ktran9(changeset = 5282878)|version 2 = caribarchgirl84(changeset = 5400957)|version 3 = caribarchgirl84(changeset = 5403286)|version 4 = ktran9(changeset = 5557830)
182,7484,39;59,28.043947,-82.582991,28.040543,-82.582985,377.2321914216827,operator=Hillsborough Area Regional Transit|gtfs_stop_code=7484|name=Sheldon Rd @ Old Linebaugh Av F/S|highway=bus_stop|ntd_id=4041|route_ref=39;59|source=GO_Sync|gtfs_id=7484|,version 1 = ktran9(changeset = 5282878)|version 2 = ktran9(changeset = 5557830)
183,7434,6,28.069229,-82.414502,28.0693011,-82.4145668,10.218446927460471,source=GO_Sync|bench=yes|name=Fletcher Av @ 42nd St Ws|gtfs_stop_code=7434|operator=Hillsborough Area Regional Transit|route_ref=6|ntd_id=4041|shelter=yes|highway=bus_stop|gtfs_id=7434|shade=roof|wastebasket=yes|,version 1 = ktran9(changeset = 5282878)|version 2 = EdHillsman(changeset = 5295548)|version 3 = EdHillsman(changeset = 5328579)|version 4 = ktran9(changeset = 5557830)|version 5 = EdHillsman(changeset = 6768019)
184,7430,57,28.076111,-82.414026,28.0761779,-82.4139775,8.814311828654628,source=GO_Sync|bench=no|name=N 42nd St @ Winding Moss Trail|gtfs_stop_code=7430|operator=Hillsborough Area Regional Transit|route_ref=57|ntd_id=4041|shelter=no|highway=bus_stop|gtfs_id=7430|shade=no|wastebasket=no|,version 1 = ktran9(changeset = 5282878)|version 2 = ktran9(changeset = 5557830)|version 3 = EdHillsman(changeset = 6768019)|version 4 = EdHillsman(changeset = 6768019)
185,7421,57,28.07831,-82.414113,28.0783957,-82.4140607,10.799312210220531,source=GO_Sync|bench=yes|name=N 42nd St @ Reuter Strasse Cr|gtfs_stop_code=7421|operator=Hillsborough Area Regional Transit|route_ref=57|ntd_id=4041|shelter=no|highway=bus_stop|gtfs_id=7421|,version 1 = ktran9(changeset = 5282878)|version 2 = ktran9(changeset = 5557830)|version 3 = EdHillsman(changeset = 6761560)|version 4 = EdHillsman(changeset = 6768019)
186,7407,57,28.078251,-82.414225,28.0782938,-82.414168,7.340711092171728,source=GO_Sync|bench=yes|name=N 42nd St @ Hellenic Dr|gtfs_stop_code=7407|operator=Hillsborough Area Regional Transit;USF Bull Runner;USF Bull Runner|route_ref=57;C|ntd_id=4041|shelter=yes|highway=bus_stop|gtfs_id=7407|shade=trees|wastebasket=yes|,version 1 = ktran9(changeset = 5282878)|version 2 = ktran9(changeset = 5557830)|version 3 = EdHillsman(changeset = 6735619)|version 4 = EdHillsman(changeset = 6761560)|version 5 = EdHillsman(changeset = 6768019)
187,7406,57,28.080382,-82.414472,28.0803621,-82.4143262,14.49920269444128,source=GO_Sync|bench=yes|name=Skipper Rd @ 42nd St|gtfs_stop_code=7406|operator=Hillsborough Area Regional Transit|route_ref=57|ntd_id=4041|shelter=no|highway=bus_stop|gtfs_id=7406|note=wastebasket looks improvised; not like those at other HART stops|shade=trees|wastebasket=yes|,version 1 = ktran9(changeset = 5282878)|version 2 = ktran9(changeset = 5557830)|version 3 = EdHillsman(changeset = 6761560)
188,4135,12,27.983542,-82.434823,27.983441,-82.434775,12.14806567098886,operator=Hillsborough Area Regional Transit|name=22nd St @ North Bay St|gtfs_stop_code=4135|highway=bus_stop|ntd_id=4041|route_ref=12|source=GO_Sync|gtfs_id=4135|,version 1 = ktran9(changeset = 5282878)|version 2 = ktran9(changeset = 5557830)
189,4126,12,28.053679,-82.43466,28.0535805,-82.4347139,12.134040392650649,source=GO_Sync|bench=yes|name=22nd St @ Fowler Av|gtfs_stop_code=4126|operator=Hillsborough Area Regional Transit|route_ref=12|ntd_id=4041|shelter=no|highway=bus_stop|gtfs_id=4126|shade=no|,version 1 = ktran9(changeset = 5282878)|version 2 = ktran9(changeset = 5557830)|version 3 = EdHillsman(changeset = 5753338)
190,4122,5;12,27.963001,-82.434652,27.9630572,-82.434665,6.358020825216921,operator=Hillsborough Area Regional Transit|name=22nd St @ 11th Av|gtfs_stop_code=4122|highway=bus_stop|ntd_id=4041|route_ref=5;12|source=GO_Sync|gtfs_id=4122|,version 1 = ktran9(changeset = 5282878)|version 2 = ktran9(changeset = 5557830)|version 3 = EdHillsman(changeset = 6178816)
191,6990,5,28.058713,-82.419822,28.059049,-82.4197624,37.69381833602313,operator=Hillsborough Area Regional Transit|gtfs_stop_code=6990|name=Magnolia Dr @ Alumni Dr;Bull Runner Bus Stop|highway=bus_stop|ntd_id=4041|route_ref=5|gtfs_id=6990|,version 1 = ShannonLadd(changeset = 2009469)|version 2 = EdHillsman(changeset = 5122221)|version 3 = EdHillsman(changeset = 5234299)|version 4 = EdHillsman(changeset = 5289177)|version 5 = ktran9(changeset = 5547741)|version 6 = ktran9(changeset = 5558153)|version 7 = EdHillsman(changeset = 6679507)
192,6988,97,27.952311,-82.463244,27.952329,-82.463184,6.232160259966639,operator=Hillsborough Area Regional Transit|name=Macinnes Place @ Fortune St|gtfs_stop_code=6988|highway=bus_stop|ntd_id=4041|route_ref=97|source=GO_Sync|gtfs_id=6988|,version 1 = ktran9(changeset = 5282878)|version 2 = ktran9(changeset = 5557830)
193,6981,96;97,27.941208,-82.455001,27.941118,-82.45496,10.758969455574055,operator=Hillsborough Area Regional Transit|name=Dick Greco Plaza|gtfs_stop_code=6981|highway=bus_stop|ntd_id=4041|route_ref=96;97|source=GO_Sync|gtfs_id=6981|,version 1 = ktran9(changeset = 5282878)|version 2 = ktran9(changeset = 5557830)
194,5887,2;33,28.06913,-82.430708,28.0690994,-82.4306787,4.449152076575088,source=GO_Sync|bench=yes|name=Fletcher Av @ Livingston Av West|gtfs_stop_code=5887|operator=Hillsborough Area Regional Transit|route_ref=2;33|ntd_id=4041|shelter=no|highway=bus_stop|gtfs_id=5887|shade=no|,version 1 = ktran9(changeset = 5282878)|version 2 = EdHillsman(changeset = 5305458)|version 3 = ktran9(changeset = 5557830)
195,6964,5;18,28.065986,-82.424493,N/A,N/A,N/A,N/A,N/A
196,4784,8,27.941148,-82.375495,27.9411986,-82.375458,6.686003693386324,operator=Hillsborough Area Regional Transit|name=Palm River Dr @ Coconut Dr|gtfs_stop_code=4784|highway=bus_stop|ntd_id=4041|route_ref=8|source=GO_Sync|gtfs_id=4784|,version 1 = ktran9(changeset = 5282878)|version 2 = David Hey(changeset = 5538214)|version 3 = ktran9(changeset = 5557830)
197,6904,2,28.069272,-82.43634,28.0693311,-82.4363351,6.5671828463802955,bench=yes|name=Fletcher Av @ 20th St|gtfs_stop_code=6904|operator=Hillsborough Area Regional Transit|route_ref=2|ntd_id=4041|shelter=no|highway=bus_stop|gtfs_id=6904|note=Please add gtfs_id and operator after removing FIXME|shade=no|,version 1 = EdHillsman(changeset = 5252803)|version 2 = ktran9(changeset = 5282592)|version 3 = ktran9(changeset = 5282878)|version 4 = EdHillsman(changeset = 5305458)|version 5 = ktran9(changeset = 5557830)|version 6 = EdHillsman(changeset = 5927573)
198,6903,2,28.06935,-82.435071,28.0693436,-82.4350356,3.551323079798854,bench=yes|name=Fletcher Av @ 22nd St|gtfs_stop_code=6903|operator=Hillsborough Area Regional Transit|route_ref=2|ntd_id=4041|shelter=no|highway=bus_stop|gtfs_id=6903|shade=no|,version 1 = EdHillsman(changeset = 5252803)|version 2 = ktran9(changeset = 5282592)|version 3 = ktran9(changeset = 5282878)|version 4 = EdHillsman(changeset = 5300073)|version 5 = ktran9(changeset = 5557830)
199,4709,45,28.054683,-82.444776,28.0547093,-82.4447388,4.676531513932098,source=GO_Sync|bench=yes|name=Fowler Av @ 14th St|gtfs_stop_code=4709|operator=Hillsborough Area Regional Transit|route_ref=45|ntd_id=4041|shelter=yes|highway=bus_stop|gtfs_id=4709|shade=roof|,version 1 = ktran9(changeset = 5282878)|version 2 = ktran9(changeset = 5557830)|version 3 = EdHillsman(changeset = 6793800)
200,4708,45,28.054672,-82.442068,28.0546951,-82.4420352,4.117236886635316,operator=Hillsborough Area Regional Transit|name=Fowler Av @ 15th St|gtfs_stop_code=4708|highway=bus_stop|ntd_id=4041|route_ref=45|source=GO_Sync|gtfs_id=4708|,version 1 = ktran9(changeset = 5282878)|version 2 = ktran9(changeset = 5557830)|version 3 = EdHillsman(changeset = 6793800)
201,4707,12;45,28.061295,-82.4346,28.0612988,-82.4346213,2.1358476650519367,operator=Hillsborough Area Regional Transit|name=22nd St @ 12401 University Village|gtfs_stop_code=4707|highway=bus_stop|ntd_id=4041|source=GO_Sync|route_ref=12;45;D|gtfs_id=4707|,version 1 = ktran9(changeset = 5282878)|version 2 = EdHillsman(changeset = 5295548)|version 3 = ktran9(changeset = 5557830)|version 4 = EdHillsman(changeset = 6728025)
min = 0.8628618887761098 
max = 377.2321914216827 
mean = 24.904302670737966 
standard deviation = 117.13836362140951 
displacement distribution = http://chart.apis.google.com/chart?chxl=0:|0-5|5-10|10-15|15-20|20%2B|1:|0|86|173&chxr=0,5,100&chxt=x,y&chs=600x300&cht=bvg&chco=76A4FB&chd=t:28,56,34,10,45&chg=20,50&chtt=Displacement+Distribution 
Contributors = [caribarchgirl84, ktran9, David Hey, Sean Barbeau, xybot, EdHillsman, adjuva, ShannonLadd]