operator_name,operator_abbreviation,ntd_id,gtfs_url,stop_digits
"KU on Wheels & Lawrence Transit System",'KULTS',7048,http://lawrenceks.org/assets/gis/google-transit/google_transit.zip,19
"2Plus Partners in Transportation, Inc ",2Plus,1110,,
Abilene Transit System ,CityLink,6040,,
"Academy Lines, Inc. ",,2122,,
Access Services ,AS,9157,,
"Adirondack Transit Lines, Inc, ",Adirondack Trailways,2177,,
Alameda-Contra Costa Transit District ,AC Transit,9014,,
Alaska Railroad Corporation ,ARRC,41,,
Albany Transit System ,ATS,4021,,
Allegany County Transit ,ACT,3041,,
Altamont Commuter Express ,ACE,9182,,
Altoona Metro Transit ,AMTRAN,3011,,
Amarillo City Transit ,ACT,6001,,
Ames Transit Agency ,CyRide,7041,,
Anaheim Transportation Network ,ATN,9211,,
Ann Arbor Transportation Authority ,AATA,5040,,
Annapolis Department of Transportation ,Annapolis Transit,3040,,
Antelope Valley Transit Authority ,AVTA,9121,,
Arlington Transit - Arlington County ,ART,3080,http://www.arlingtontransit.com/gtfs/google_transit.zip,
Asheville Transit System ,ATS,4005,,
Athens Transit System ,ATS,4047,,
"Atlantic Paratrans of NYC, Inc. ",API,2159,,
Augusta Richmond County Transit Department ,APT,4023,,
Battle Creek Transit ,BCT,5030,,
Bay County Council On Aging Bay Coordinated Transportation ,BCCOA,4085,,
Bay Metropolitan Transit Authority ,Bay Metro,5029,,
Beaumont Municipal Transit System ,BMT,6016,,
Beaver County Transit Authority ,BCTA,3023,,
Belle Urban System - Racine ,The Bus,5006,,
Ben Franklin Transit ,BFT,18,,
Berks Area Reading Transportation Authority ,BARTA,3024,,
Berkshire Regional Transit Authority ,BRTA,1007,,
Bettendorf Transit System ,BT,7007,,
Billings Metropolitan Transit ,Billings MET Transit ,8004,,
"BillyBey Ferry Company, LLC ",,2189,,
Birmingham-Jefferson County Transit Authority ,MAX,4042,,
Bis-Man Transit Board ,CAT,8019,,
Bi-State Development Agency ,METRO,7006,ftp://tripfinder.metrostlouis.org/pub/Google_transit/latest/google_transit.zip,
Blacksburg Transit ,BT,3091,http://www.btransit.org/cms.php/google_transit_feed/google_transit.zip,
Bloomington Public Transportation Corporation ,BT,5110,,
Bloomington-Normal Public Transit System ,B-NPTS,5047,,
Blue Water Area Transportation Commission ,Blue Water Area Transit,5148,,
"Board of County Commissioners, Palm Beach County, PalmTran, Inc. ",PalmTran,4037,,
Bonanza ,BZ,1116,,
Brazos Transit District ,The District,6059,,
Brockton Area Transit Authority ,BAT,1004,,
Broome County Department of Public Transportation ,Broome County,2003,,
Broward County Community Bus Service ,BCT,4179,,
Broward County Transportation Department ,BCT,4029,,
Brunswick Transit Alternative ,BTA,5143,,
Buckhead Community Improvement District ,BCID,4177,,
Butler County Regional Transit Authority ,BCRTA,5157,,
Butte County Association of Governments ,BCAG,9208,,
Cache Valley Transit District ,CVTD,8028,,
Camarillo Area Transit ,CAT,9163,,
Cambria County Transit Authority ,CamTran,3012,,
Cape Ann Transportation Authority ,CATA,1053,,
Cape Cod Regional Transit Authority ,CCRTA,1105,,
Cape Fear Public Transportation Authority ,Wave,4006,,
Capital Area Transit ,CAT,3014,,
Capital Area Transit ,CAT,4007,,
Capital Area Transit System ,CATS,6022,,
Capital Area Transportation Authority ,CATA,5036,,
Capital District Transportation Authority ,CDTA,2002,http://www.cdta.org/schedules/google_transit.zip,
Capital Metropolitan Transportation Authority ,CMTA,6048,http://www.capmetro.org/gisdata/google_transit.zip,
Carroll County Planning Department ,CATS,3092,,
Casco Bay Island Transit District ,CBITD,1088,,
Cedar Rapids Transit ,CRT,7008,,
Central Arkansas Transit Authority ,CATA,6033,,
Central Contra Costa Transit Authority ,County Connection,9078,,
Central Florida Regional Transportation Authority ,LYNX,4035,,
Central Midlands Regional Transit Authority ,CMRTA,4141,,
Central Ohio Transit Authority ,COTA,5016,,
Central Oklahoma Transportation and Parking Authority ,COTPA,6017,,
Central Puget Sound Regional Transit Authority ,ST,40,,
Centre Area Transportation Authority ,CATA,3054,,
"Centro of Cayuga, Inc. ",Centro of Cayuga,2116,,
"Centro of Oneida, Inc. ",Centro of Oneida,2185,,
"Centro of Oswego, Inc. ",Centro of Oswego,2172,,
Champaign-Urbana Mass Transit District ,C-U MTD,5060,http://www.cumtd.com/google/google_transit.zip,
Chapel Hill Transit ,CHT,4051,,
Charleston Area Regional Transportation Authority ,CARTA,4110,,
Charlotte Area Transit System ,CATS,4008,,
Charlotte County Transit Division ,,4129,,
Charlottesville Area Transit ,CAT,3036,,
Chatham Area Transit Authority ,CAT,4025,,
Chattanooga Area Regional Transportation Authority ,CARTA,4001,,
Chemung County Transit System ,CCTS,2005,,
Chicago Transit Authority ,CTA,5066,,
Chippewa Falls General Public Shared-Ride Taxi System ,CFTN,5133,,
Chittenden County Transportation Authority ,CCTA,1066,,
Chula Vista Transit ,CVT,9193,,
Cities Area Transit ,CAT,8008,,
City and County of Honolulu Department of Transportation Services ,DTS,9002,,
City of Alameda Ferry Services ,,9150,,
City of Albuquerque Transit Department ,ABQ Ride,6019,,
City of Alexandria ,DASH,3071,,
City of Alexandria ,Atrans,6025,,
City of Anderson Transportation System ,CATS,5041,,
City of Appleton - Valley Transit , ,5001,,
City of Arcadia Transit ,Arcadia Transit,9044,,
City of Bangor - BAT Community Connector ,BAT,1096,,
City of Beloit Transit System ,BTS,5109,,
"City of Bend, Bend Area Transit ",BAT,50,,
City of Benicia ,Benicia Breeze,9174,,
City of Brownsville - Brownsville Urban System ,BUS,6014,,
City of Casper ,,8013,,
City of Commerce Municipal Buslines ,CBL,9043,,
City of Corona ,CCTS,9052,,
City of Danville Mass Transit System ,Danville Transit,3069,,
City of Danville/Danville Mass Transit ,DMT,5174,,
City of DeKalb ,DSATS,5176,,
City of Detroit Department of Transportation ,DDOT,5119,,
City of Dubuque ,KeyLine,7011,,
City of Elk Grove ,etran,9205,,
City of Fairfax CUE Bus ,CUE,3058,,
City of Fairfield - Fairfield and Suisun Transit ,FAST,9092,,
"City of Fargo, DBA: Metropolitan Area Transit ",MAT,8003,,
City of Gardena Transportation Department ,GMBL,9042,,
City of Glendale Transit ,,9034,,
City of Grand Haven Harbor Transit ,,5181,,
City of Grand Prairie Transportation Services Department ,Grand Connection,6068,,
City of Greeley - Transit Services ,GET,8010,,
City of Harrisonburg Department of Public Transportation ,Harrisonburg Transit,3094,,
"City of Huntsville, Alabama - Public Transportation Division ",,4071,http://maps.hsvcity.com/GoogleTransit/google_transit.zip,
City of Jackson Transit System ,JATRAN,4015,,
City of Jackson Transportation Authority ,JTA,5034,,
City of Jefferson ,JEFFTRAN,7043,,
City of Kokomo ,COK,5145,,
City of La Mirada Transit ,LMT,9024,,
City of Lawrence - Lawrence Transit System ,,7033,,
City of Lodi - Transit Division ,Grapeline,9175,,
City of Lompoc - Lompoc Transit ,COLT,9149,,
City of Long Beach ,Long Beach Bus,2006,,
City of Los Angeles Department of Transportation ,LADOT,9147,,
City of Loveland Transit ,COLT,8025,,
City of Mesquite ,MTED,6070,,
City of Middletown - Middletown Transit System ,MTS,5019,,
City of Monroe Transit System ,MTS,6026,,
City of Montgomery-Montgomery Area Transit System ,MATS,4044,,
"City of Moorhead, DBA: Metropolitan Area Transit ",MAT,5026,,
City of Newark Transit Operations ,Earthworks,5138,,
"City of Ocala, Florida ",SunTran,4120,,
City of Petaluma ,Petaluma Transit,9213,,
City of Phoenix Public Transit Department dba Valley Metro ,Valley Metro,9032,,
City of Pocatello - Pocatello Regional Transit ,PRT,22,,
City of Porterville ,C.O.L.T.,9198,,
City of Poughkeepsie ,,2009,,
City of Redondo Beach - Beach Cities Transit ,BCT,9214,,
City of Riverside Special Transportation ,City of Riverside,9086,,
City of Rochester Public Transportation ,,5092,,
City of Rome Transit Department ,RTD,4058,,
City of San Luis Obispo ,SLO Transit,9156,,
City of Santa Rosa ,Santa Rosa CityBus,9017,,
City of Scottsdale - Scottsdale Trolley ,COS,9131,,
City of Seattle - Seattle Center Monorail Transit ,SMS,23,,
City of Tallahassee ,StarMetro ,4036,,
City of Tempe Transit Division - dba Valley Metro ,TIM - Tempe in Motion,9172,,
City of Tucson ,COT,9033,,
City of Turlock ,BLAST and DART,9201,,
City of Union City Transit Division ,UCT,9161,,
City of Vallejo Transportation Program ,"Vallejo Transit, Baylink",9028,,
City of Visalia - Visalia City Coach ,Visalia Transit,9091,,
City of Washington ,WCT,3101,,
City of Waukesha Transit Commission ,Waukesha Metro Transit,5096,,
"City Transit Management Company, Inc. ",Citibus,6010,,
City Utilities of Springfield ,The Bus,7003,,
Clark County Public Transportation Benefit Area Authority ,C-Tran,24,,
Clarkstown Mini-Trans ,,2085,,
Clarksville Transit System ,CTS,4092,,
Clayton County Board of Commissioners ,CTRAN,4157,,
Clermont Transportation Connection ,CTC,5166,,
Cleveland Area Rapid Transit ,CART,6096,,
Clinton Area Transit System ,Clinton Transit,5168,,
"CNY Centro, Inc. ",CNY Centro ,2018,,
Coast Transit Authority ,CTA,4014,,
Cobb County Department of Transportation Authority ,CCT,4078,,
Collier Area Transit ,CAT,4140,,
Columbia Transit ,CT,7016,,
"Community Transit, Inc. ",Community Transit,2160,,
Community Urban Bus Service ,CUBS,16,,
Concho Valley Transit District ,CVTD,6102,,
Connecticut Department of Transportation ,CDOT,1102,,
Connecticut Transit - Hartford Division ,CTTransit,1048,,
Connecticut Transit - New Haven Division ,CTTRANSIT,1055,,
Connecticut Transit - Stamford Division ,CTTransit,1056,,
Cooperative Alliance for Seacoast Transportation ,COAST,1086,,
Coralville Transit System ,CTS,7030,,
Corpus Christi Regional Transportation Authority ,The B,6051,,
"Council on Aging of Martin County, Inc. ",COAMC \ CC - MCBOCC,4113,,
"Council on Aging of St. Lucie, Inc. ",CT,4097,,
"County Commissioners of Charles County, MD ",DCS VanGO,3088,,
County of Lackawanna Transit System ,COLTS,3025,,
County of Lebanon Transit Authority ,COLT,3095,,
County of Sacramento Municipal Services Agency Department of Transportation ,SacDOT,9216,,
"County of Volusia, dba: VOTRAN ",Votran,4032,,
Crescent City Connection Division - Louisiana Department of Transportation ,CCCD,6020,,
Culver City Municipal Bus Lines ,Culver CityBus,9039,,
"Dallas - VPSI, Inc. ",,6084,,
Dallas Area Rapid Transit ,DART,6056,,
Davenport Public Transit ,CITIBUS,7009,,
Davidson County Transportation ,DCTS,4131,,
DeCamp Bus Lines ,,2161,,
Decatur Public Transit System ,DPTS,5061,,
Delaware Transit Corporation ,DTC,3075,http://www.dartfirststate.com/information/routes/gtfs_data/dartfirststate_de_us.zip,
Denton County Transportation Authority ,DCTA,6101,,
Denver Regional Transportation District ,RTD,8006,,
Department of Transportation and Public Works ,DTPW,4105,,
Des Moines Area Regional Transit Authority ,DART,7010,,
Detroit Transportation Corporation ,Detroit People Mover,5141,,
Douglas County Rideshare ,Rideshare,4082,,
Duluth Transit Authority ,DTA,5025,http://www.duluthtransit.com/GoogleTransit/latest/google_transit.zip,
Durham Area Transit Authority ,DATA,4087,,
Dutchess County Division of Mass Transportation ,Loop Bus,2010,,
East Chicago Transit ,ECT,5042,,
Eau Claire Transit ,ECT,5099,,
Erie Metropolitan Transit Authority ,the e,3013,,
Escambia County Area Transit ,ECAT,4038,,
Everett Transit ,ET,5,,
Fairbanks North Star Borough Transit ,MACS,45,,
Fairfax Connector Bus System ,Fairfax Connector,3068,,
Fayette Area Coordinated Transportation ,FACT,3087,,
Fayetteville Area System of Transit ,FAST,4009,,
Fond du Lac Area Transit ,Fond du Lac Area Transit,5171,,
Foothill Transit ,,9146,,
Fort Bend County Public Transportation ,Fort Bend Transit,6103,,
Fort Smith Transit ,FST,6086,,
Fort Wayne Public Transportation Corporation ,Citilink,5044,,
Fort Worth Transportation Authority ,The T,6007,,
Fredericksburg Regional Transit ,FRED,3079,,
Fresno Area Express ,FAX,9027,,
Gadsden Transportation Services - City of Gadsden ,GTS,4049,,
Gainesville Regional Transit System ,RTS,4030,,
Gary Public Transportation Corporation ,GPTC,5045,,
Georgia Regional Transportation Authority ,GRTA,4135,,
Gold Coast Transit ,GCT,9035,,
Golden Crescent Regional Planning Commission ,VICTORIA TRANSIT,6095,,
Golden Empire Transit District ,GET,9004,,
"Golden Gate Bridge, Highway and Transportation District ",GGBHTD,9016,,
Goldsboro-Wayne Transportation Authority ,GATEWAY,4132,,
Great Falls Transit District ,GFTD,8012,,
Greater Attleboro-Taunton Regional Transit Authority ,GATRA,1064,,
Greater Bridgeport Transit Authority ,GBTA,1050,,
Greater Dayton Regional Transit Authority ,GDRTA,5017,,
Greater Glens Falls Transit System ,GGFT,2120,,
Greater Hartford Ridesharing Corporation - The Rideshare Company ,GHRC,1108,,
Greater Hartford Transit District ,GHTD,1017,,
Greater Lafayette Public Transportation Corporation ,CityBus,5051,,
Greater Lynchburg Transit Company ,GLTC,3008,,
Greater Peoria Mass Transit District ,CityLink,5056,,
Greater Portland Transit District ,Metro,1016,,
Greater Richmond Transit Company ,GRTC Transit System,3006,,
Greater Roanoke Transit Company ,Valley Metro,3007,,
Green Bay Metro ,GBM,5002,,
Greene County Transit Board ,Greene CATS,5165,,
Greensboro Transit Authority ,GTA,4093,,
Greenville Transit Authority ,GTA,4053,,
Guildford County Transportation ,GCTAMS,4133,,
Gwinnett County Board of Commissioners ,GCT,4138,,
Hammond Transit System ,HTS,5102,,
Handitran Special Transit Division - City of Arlington ,Handitran,6041,,
Harford Transit ,HT,3074,,
"Hendrick Hudson Bus Lines, Inc. ",HHBL,2179,,
Hernando County Board of County Commissioners ,The Bus,4146,,
High Point Transit ,Hi tran,4011,,
Hill Country Transit District ,The Hop,6091,,
Hillsborough Area Regional Transit,HART,4041,http://www.gohart.org/google/google_transit.zip,
"Honolulu - VPSI, Inc. ",,9176,,
Housatonic Area Regional Transit ,HART,1051,,
Howard Transit ,HT,3048,,
"Hudson Transit Lines, Inc. ",Short Line,2126,,
Huntington Area Rapid Transit ,HART,2071,,
Imperial Valley Transit ,IVT,9212,,
Indianapolis and Marion County Public Transportation ,IndyGo,5050,,
Intercity Transit ,I.T.,19,,
Interurban Transit Partnership ,The Rapid,5033,,
Iowa City Transit ,ICT,7018,,
Island Transit ,I T,6015,,
Jackson Transit Authority ,JTA,4057,,
Jacksonville Transportation Authority ,JTA,4040,,
Janesville Transit System ,JTS,5108,,
"JAUNT, Inc. ",,3045,,
Jefferson Parish Department of Transit Administration ,Jet,6088,,
Johnson City Transit System ,JCT,4054,,
"Johnson County Kansas, aka: Johnson County Transit ",The JO,7035,http://www.thejo.com/FEEDS/GT/google_transit.zip,
Kalamazoo Metro Transit System ,Metro Transit,5035,,
Kanawha Valley Regional Transportation Authority ,KVRTA,3001,,
Kansas City Area Transportation Authority ,KCATA,7005,,
Kenosha Transit ,KT,5003,,
King County Department of Transportation - Metro Transit Division ,King County Metro,1,,
Kings County Area Public Transit Agency ,KART,9200,,
Kingsport Area Transit System ,K.A.T.S.,4080,,
Kitsap Transit ,,20,,
Knoxville Area Transit ,KAT,4002,,
LACMTA - Small Operators ,LACMTA,9166,,
LaCrosse Municipal Transit Utility ,La Crosse MTU,5004,,
Lafayette Transit System ,LTS,6038,,
Laguna Beach Municipal Transit ,CLB,9119,,
Lake County Board of County Commissioners ,LCBOCC,4158,,
Lakeland Area Mass Transit District ,Citrus Connection,4031,,
"Lakeland Bus Lines, Inc. ",,2163,,
Laketran ,,5117,,
Lane Transit District ,LTD,7,,
"Laredo Transit Management, Inc. ",El Metro,6009,,
Las Cruces Area Transit ,RoadRUNNER Transit,6049,,
Las Vegas Monorail Company ,LVMC,9204,,
Lee County Transit ,LeeTran,4028,,
Lee-Russell Council of Governments ,LRCOG,4073,,
Lehigh and Northampton Transportation Authority ,LANTA,3010,,
Lewiston-Auburn Transit Committee ,LATC,1015,,
Lexington Transit Authority ,LexTran,4017,,
Licking County Transit Board ,LCTB,5163,,
Link Transit ,,43,,
Livermore / Amador Valley Transit Authority ,LAVTA,9144,,
Livingston Essential Transportation Service ,LETS,5180,,
Long Beach Transit ,LBT,9023,,
Longview Transit ,LTMI,6081,,
Lorain County Transit ,LCT,5095,,
Los Angeles County Metropolitan Transportation Authority ,LACMTA,9154,http://developer.metro.net/gtfs/google_transit.zip,
Loudoun County Commuter Bus Service - Office of Transportation Services ,LC Transit,3081,,
Lowell Regional Transit Authority ,LRTA,1005,,
Lower Rio Grande Valley Development Council ,LRGVDC,6090,,
Luzerne County Transportation Authority ,LCTA,3015,,
Macatawa Area Express Transportation Authority ,MAX,5184,,
Macon-Bibb County Transit Authority ,MTA ,4130,,
Madison County Transit District ,MCT,5146,,
Manatee County Area Transit ,MCAT,4026,,
Manchester Transit Authority ,MTA,1002,,
Maricopa County Special Transportation Services ,MCHSD,9132,,
"Marietta - VPSI, Inc. ",,4153,,
"Martz Group, National Coach Works of Virginia ",NCW,3103,,
"Martz Trailways, Poconos ",,3102,,
Maryland Transit Administration ,MTA,3034,,
Mass Transit Department - City of El Paso ,Sun Metro,6006,,
Mass Transportation Authority ,MTA,5032,,
Massachusetts Bay Transportation Authority ,MBTA,1003,http://www.eot.state.ma.us/downloads/developers_beta/MBTA-1.zip,
Memphis Area Transit Authority ,MATA,4003,,
Merced County Transit ,The Bus,9173,,
Merrimack Valley Regional Transit Authority ,MVRTA,1013,,
Mesa County ,GVT,8016,,
Metra Transit System ,Metra,4024,,
Metro Mobility ,,5155,,
Metro Regional Transit Authority ,Metro,5010,,
Metro Transit ,,5027,ftp://gisftp.metc.state.mn.us/google_transit.zip,
Metro Transit System ,Metro,5005,,
"Metro-North Commuter Railroad Company, dba: MTA Metro-North Railroad ",MTA-MNCR,2078,,
Metropolitan Atlanta Rapid Transit Authority ,MARTA,4022,,
Metropolitan Bus Authority ,MBA,4086,,
Metropolitan Council ,,5154,,
Metropolitan Evansville Transit System ,METS,5043,,
"Metropolitan Suburban Bus Authority, dba: MTA Long Island Bus ",MTA Long Island Bus,2007,,
Metropolitan Transit Authority ,MTA,4004,,
Metropolitan Transit Authority of Black Hawk County ,MET Transit,7013,,
"Metropolitan Transit Authority of Harris County, Texas ",Metro,6008,http://ridemetro.org/AboutUs/Publications/DataFiles/google_transit.zip,
Metropolitan Tulsa Transit Authority ,MTTA,6018,,
MetroWest Regional Transit Authority ,MWRTA,1118,,
Miami County Public Transit ,MCPT,5169,,
"Miami Lakes - VPSI, Inc. ",,4152,,
Miami-Dade Transit ,MDT,4034,http://www.miamidade.gov/transit/googletransit/current/google_transit.zip,
Michiana Area Council of Governments ,MACOG,5149,,
Mid Mon Valley Transit Authority ,MMVTA,3061,,
Middletown Transit District ,MTD,1063,,
Midland-Odessa Urban Transit District ,EZ RIDER,6097,,
Mid-Ohio Valley Transit Authority ,Easy Rider,3003,,
Milford Transit District ,MTD,1107,,
Milwaukee County Transit System ,MCTS,5008,http://kamino.mcts.org/gtfs/google_transit.zip,
Missoula Urban Transportation District ,Mountain Line,8009,,
Modesto Area Express ,MAX,9007,,
Monongalia County Urban Mass Transit Authority ,Mountain Line Transit,3089,,
Monroe Bus Corporation ,,2137,,
Monsey New Square Trails Corporation ,,2135,,
Montachusett Regional Transit Authority ,MART,1061,,
Montebello Bus Lines ,MBL,9041,,
Monterey-Salinas Transit ,MST,9062,,
Morgan County Area Transportation System ,MCATS,4111,,
Mountain Metropolitan Transit ,MMT,8005,,
MTA Bus Company ,MTABUS,2188,,
MTA Long Island Rail Road ,MTA LIRR,2100,,
MTA New York City Transit ,NYCT,2008,,
Muncie Indiana Transit System ,MITS,5054,,
Municipality of Anchorage - Public Transportation Department ,People Mover,12,,
Municipality of San Sebastian ,PEPINO,4183,,
Muskegon Area Transit System ,MATS,5037,,
Napa County Transportation Planning Agency ,NCTPA,9088,,
Nashua Transit System ,NTS,1087,,
"New Britain Transportation Company, Inc. ",,1047,,
New Jersey Transit Corporation ,NJ TRANSIT,2080,,
New Jersey Transit Corporation-45 ,NJTC-45,2132,,
New Orleans Regional Transit Authority ,NORTA,6032,,
New York City Department of Transportation ,NYCDOT,2082,,
Newburgh Beacon Bus Corporation ,NBBC,2148,,
Niagara Frontier Transportation Authority ,NFT Metro,2004,,
Niles Dial-A-Ride ,DART,5038,,
Niles Trumbull Transit ,NiTTS,5175,,
North Carolina State University Transportation Department ,NCSU,4147,,
North County Transit District ,NCTD,9030,,
North Township of Lake County Dial-A-Ride ,,5103,,
Northeast Illinois Regional Commuter Railroad Corporation ,Metra,5118,,
"Northeast Transportation Company, Inc. ",,1095,,
Northern Arizona Intergovernmental Public Transportation Authority ,NAIPTA,9219,,
Northern Indiana Commuter Transportation District ,NICTD,5104,,
Northern New England Passenger Rail Authority ,NNEPRA,1115,,
Northwest Alabama Council of Local Governments ,NACOLG,4068,,
Northwest Indiana Community Action Corporation ,NWICA,5048,,
Norwalk Transit District ,,1057,,
Norwalk Transit System ,NTS,9022,,
Ohio Valley Regional Transportation Authority ,OVRTA / EORTA,3035,,
Okaloosa County Board of County Commissioners ,,4128,,
"Olympia Trails Bus Company, Inc. ",Coach USA,2165,,
Omnitrans ,OMNI,9029,,
"Opportunity Enterprises, Inc. ",OE,5131,,
Orange County Transportation Authority ,OCTA,9036,http://www.octa.net/current/google_transit.zip,
"Orange-Newark-Elizabeth, Inc. ",Coach USA,2166,,
Oshkosh Transit System ,OTS,5009,,
Ozark Regional Transit ,ORT,6072,,
Ozaukee County Transit Services ,OCTS,5161,,
Pace - Suburban Bus Division ,PACE,5113,,
"Pace-Suburban Bus Division, ADA Paratransit Services ",PACE,5182,,
Parking & Transit Department ,KU,7044,,
Pasco County Public Transportation ,PCPT,4074,,
Pee Dee Regional Transportation Authority ,PDRTA,4056,,
Pekin Municipal Bus Service ,COP,5065,,
Peninsula Corridor Joint Powers Board ,PCJPB,9134,,
Pennsylvania Department of Transportation ,PENNDOT,3057,,
Peoria Transit ,,9140,,
Petersburg Area Transit ,PAT,3009,,
"Phoenix - VPSI, Inc. ",,9169,,
Pierce County Ferry Operations ,Pierce County Ferry,28,,
Pierce County Transportation Benefit Area Authority ,Pierce Transit,3,,
Pine Bluff Transit ,PBT,6034,,
Pinellas Suncoast Transit Authority ,PSTA,4027,,
Pioneer Valley Transit Authority ,PVTA,1008,,
Placer County Department of Public Works ,PCDPW,9196,,
Polk County Transit Services Division - Polk County Board of County Commissioners ,PCTS,4127,,
Port Arthur Transit ,PAT,6013,,
Port Authority of Allegheny County ,Port Authority,3022,,
Port Authority Trans-Hudson Corporation ,PATH,2098,,
Port Authority Transit Corporation ,PATCO,2075,,
Port Imperial Ferry Corporation dba NY Waterway ,,2190,,
Portage Area Regional Transportation Authority ,PARTA,5021,,
"Porter County Aging and Community Services, Inc. ",PCACS,5179,,
Potomac and Rappahannock Transportation Commission ,PRTC,3070,,
Prince George's County Transit ,TheBus,3085,,
"Private One of New York, LLC, dba: New York Airport Service ",,2171,,
Private Transportation Corporation ,,2175,,
Pueblo Transit System ,PT,8007,,
Puerto Rico Highway and Transportation Authority ,PRHTA,4094,,
Putnam County Transit ,PART,2096,,
Rapid Transit System ,,8014,,
Red Rose Transit Authority ,RRTA,3018,,
Redding Area Bus Authority ,RABA,9093,http://trilliumtransit.com/transit_feeds/redding/google_transit.zip,
Regional Planning Commission of Greater Birmingham ,RPCGB,4169,,
"Regional Public Transportation Authority, dba: Valley Metro ",RPTA,9136,,
"Regional Transit Service, Inc. and Lift Line, Inc. ",R-GRTA,2113,,
Regional Transportation Authority ,RTA,4159,,
Regional Transportation Commission of Southern Nevada ,RTC,9045,http://www.rtcsnv.com/g/google_transit.zip,
Regional Transportation Commission of Washoe County ,RTC,9001,,
"Regional Transportation Program, Inc. ",RTP,1069,,
Research Triangle Regional Public Transportation Authority ,Triangle Transit,4108,,
Rhode Island Public Transit Authority ,RIPTA,1001,,
Richland County Transit ,RCT,5090,,
Ride-On Montgomery County Transit ,,3051,,
River Valley Metro Mass Transit District ,RVMMTD,5159,,
Riverside County Transportation Commission ,RCTC,9218,,
Riverside Transit Agency ,RTA,9031,,
Rock Island County Metropolitan Mass Transit District ,MetroLink,5057,,
Rockford Mass Transit District ,RMTD,5058,,
"Rockland Coaches, Inc. ",,2149,,
Rogue Valley Transportation District ,RVTD,34,http://www.rvtd.org/images/subpages/GTFS_feed.zip,
Roseville Transit ,,9168,,
Sacramento Regional Transit District ,Sacramento RT,9019,,
Saginaw Transit Authority Regional Service ,STARS,5039,,
Salem Area Mass Transit District ,Cherriots,25,,
San Diego Association of Governments ,SANDAG,9095,,
San Diego Metropolitan Transit System ,MTS,9026,,
San Francisco Bay Area Rapid Transit District ,BART,9003,http://www.bart.gov/dev/schedules/google_transit.zip,
San Francisco Municipal Railway ,MUNI,9015,,
San Joaquin Regional Transit District ,RTD,9012,,
San Luis Obispo Regional Transit Authority ,SLORTA,9206,,
San Mateo County Transit District ,SamTrans,9009,,
Sandusky Transit System ,STS,5164,,
Santa Barbara Metropolitan Transit District ,SBMTD,9020,,
Santa Clara Valley Transportation Authority ,VTA,9013,,
Santa Clarita Transit ,SCT,9171,,
Santa Cruz Metropolitan Transit District ,SCMTD,9006,,
Santa Fe Trails - City of Santa Fe ,SFT,6077,,
Santa Maria Area Transit ,SMAT,9087,,
Santa Monica's Big Blue Bus ,Big Blue Bus ,9008,,
Santee Wateree Regional Transportation Authority ,SWRTA,4100,,
Sarasota County Area Transit ,SCAT,4046,,
"Senior Resource Association, Inc. ",SRA,4104,,
Sheboygan Transit System ,,5088,,
Shenango Valley Shuttle Service ,SVSS,3055,,
Shreveport Area Transit System ,SporTran,6024,,
Simi Valley Transit ,SVT,9050,,
Sioux City Transit System ,SCTS,7012,,
Skagit Transit ,,44,,
Snohomish County Public Transportation Benefit Area Corporation ,Community Transit,29,,
Sonoma County Transit ,,9089,,
South Bend Public Transportation Corporation ,Transpo,5052,,
South Florida Regional Transportation Authority ,TRI-Rail,4077,,
"South Lake County Community Services, Inc. ",SLCCS,5167,,
South Metro Area Regional Transit ,SMART,46,http://trilliumtransit.com/transit_feeds/wilsonville/google_transit.zip,
Southeast Area Transit ,SEAT,1040,,
Southeastern Pennsylvania Transportation Authority ,SEPTA,3019,,
Southeastern Regional Transit Authority ,SRTA,1006,,
Southern California Regional Rail Authority ,Metrolink,9151,,
Southwest Ohio Regional Transit Authority ,SORTA / Metro,5012,,
Southwestern Pennsylvania Commission ,SPC,3078,,
Space Coast Area Transit ,SCAT,4063,http://trilliumtransit.com/transit_feeds/spacecoast-fl-us/google_transit.zip,
Spartanburg County Transportation Services ,sctsb,4088,,
Spartanburg Transit System ,SPARTA,4101,,
Spokane Transit Authority ,STA,2,,
Springfield City Area Transit ,SCAT,5020,,
Springfield Mass Transit District ,SMTD,5059,,
"St Johns County, Florida, Board of County Commissioners ",St Johns County,4155,,
St. Cloud Metropolitan Transit Commission ,Metro Bus,5028,,
St. Joseph Transit ,The Ride,7032,,
Stark Area Regional Transit Authority ,SARTA,5011,,
StarTran ,,7001,,
State of Hawaii Department of Transportation ,HDOT,9210,,
"Staten Island Rapid Transit Operating Authority, dba: MTA Staten Island Railway ",SIRTOA,2099,,
Steel Valley Regional Transit Authority ,Steel Valley RTA,5142,,
Su Tran LLC dba: Sioux Area Metro ,SAM,8002,,
Suburban Mobility Authority for Regional Transportation ,SMART,5031,,
Suburban Transit Corporation ,Coach USA,2128,,
Suffolk County Department of Public Works - Transportation Division ,ST,2072,,
"Sun Cities Area Transit System, Inc. ",SCAT,9135,,
SunLine Transit Agency ,SunLine,9079,,
Surprise Dial-A-Ride Transit System ,,9137,,
Targhee Regional Public Transit Authority ,TRPTA,42,,
Terre Haute Transit Utility ,THTU,5053,,
Terrebonne Parish Consolidated Government ,Good Earth Transit,6080,,
"Texoma Area Paratransit System, Inc ",TAPS,6107,,
The City of Cheyenne Transit Program ,CTP,8020,,
The Eastern Contra Costa Transit Authority ,Tri Delta Transit,9162,,
The Greater Cleveland Regional Transit Authority ,GCRTA,5015,,
The Greater New Haven Transit District ,GNHTD,1049,,
The Gulf Coast Center ,Connect Transit,6082,,
The Lawton Area Transit System ,LATS,6094,,
The Tri--County Council for the Lower Eastern Shore of Maryland ,Shore Transit,3096,,
The Tri-State Transit Authority ,TTA,3002,,
The Wave Transit System ,WTS,4043,,
Thousand Oaks Transit ,TOT,9165,,
Tioga County ,Tioga County Transit,2158,,
Toledo Area Regional Transit Authority ,TARTA,5022,,
Tompkins Consolidated Area Transit ,TCAT,2145,,
Topeka Metropolitan Transit Authority ,Topeka Transit - TMTA,7014,,
Torrance Transit System ,TTS,9010,,
Town of Cary ,CTRAN,4143,,
Town of Highlands Dial-A-Bus ,,2182,,
Town of Monroe Dial-A-Bus ,Monroe DAB,2183,,
"Trans-Bridge Lines, Inc. ",,2169,,
Transfort ,,8011,,
Trans-Hudson Express ,,2168,,
Transit Authority of Northern Kentucky ,TANK,4019,http://imi.nku.edu/tankgoogletransit/latest/google_transit.zip,
Transit Authority of Omaha ,MAT,7002,,
Transit Authority of River City ,TARC,4018,,
Transit Services of Frederick County ,,3072,,
Transport of Rockland ,TOR,2084,,
"Transportation District Commission of Hampton Roads, dba: Hampton Roads Transit ",HRT,3083,,
Transportation Resources Intra-County for Physically Handicapped and Senior Citizens ,TRIPS,2086,,
"Tri-County Community Council, Inc. ",TCCC,4148,,
Tri-County Metropolitan Transportation District of Oregon ,TriMet,8,http://developer.trimet.org/schedule/gtfs.zip,
Tuscaloosa County Parking and Transit Authority ,TMT,4045,,
Twin Cities Area Transportation Authority ,TCATA,5132,,
Ulster County Area Transit ,UCAT,2178,,
Unitrans - City of Davis/ASUCD ,Unitrans,9142,,
"University of Arkansas, Fayetteville ",Razorback Transit,6062,,
University of Iowa ,Cambus,7019,,
University of Michigan Parking and Transportation Services ,UMTS,5158,,
Utah Transit Authority ,UTA,8001,,
Valley Regional Transit ,VRT,11,,
Valley Transit District ,VTD,1042,,
Ventura Intercity Service Transit Authority ,VISTA,9164,,
VIA Metropolitan Transit ,VIA,6011,,
Victor Valley Transit Authority ,VVTA,9148,,
Village of Kiryas Joel ,KJ,2187,,
Village of Spring Valley Bus ,Spring Valley Jitney,2089,,
Virginia Railway Express ,VRE,3073,,
"VPSI, Anchorage ",,49,,
Waccamaw Regional Transportation Authority ,The Coast RTA,4102,,
"Waco Transit System, Inc. ",WTS,6012,,
Washington County Transit ,County Commuter,3042,,
Washington County Transit ,,5160,,
Washington Metropolitan Area Transit Authority ,WMATA,3030,,
Washington State Ferries ,WSF,35,,
Wausau Area Transit System ,WATS,5091,,
Westchester County Bee-Line System ,The Bee-Line System,2076,,
Western Contra Costa Transit Authority ,WestCAT,9159,,
"Western Maine Transportation Services, Inc. ",WMTS,1098,,
Western Piedmont Regional Transit Authority ,WPRTA,4172,,
Western Reserve Transit Authority ,WRTA,5024,,
Westmoreland County Transit Authority ,WCTA,3044,,
Whatcom Transportation Authority ,WTA,21,,
Wichita Transit ,WT,7015,,
Williamsburg Area Transit Authority ,WATA,3076,,
Williamsport Bureau of Transportation ,RVT,3026,,
Winston-Salem Transit Authority - Trans-Aid of Forsyth County ,WSTA,4012,,
Wiregrass Transit Authority ,,4103,,
Worcester Regional Transit Authority ,WRTA,1014,,
Yakima Transit ,YT,6,,
Yolo County Transportation District ,YCTD,9090,,
York County Transportation Authority ,rabbittransit,3027,,
Yuba-Sutter Transit Authority ,YSTA,9061,,
Yuma Metropolitan Planning Organization ,YMPO,9192,,
